{
  "final_url": "https://unithistory.churchofjesuschrist.org/admin/view/173cb172-b3ea-f011-8544-0022480a6776?page=home_page",
  "title": "Bear paw cafe - pancake FHE",
  "date_text": "Jan 5, 2026",
  "folder": "unit-history/events/Bear paw cafe - pancake FHE - Jan 5, 2026",
  "image_count_found": 13,
  "images": [
    {
      "index": 1,
      "url": "https://uhsacontentprod.blob.core.windows.net/unithistorythumbnails/173cb172-b3ea-f011-8544-0022480a6776/IMG_4410.jpeg?sv=2025-01-05&st=2026-01-21T03%3A51%3A10Z&se=2026-01-21T04%3A06%3A10Z&sr=c&sp=racwdxltfi&rsct=image%2Fjpeg&sig=5JD0UK%2FmS7w6GqqSXVaEODqiQU3csaS5k9IUJMcUsM8%3D",
      "file": "unit-history/events/Bear paw cafe - pancake FHE - Jan 5, 2026/001.jpeg",
      "downloaded": true
    },
    {
      "index": 2,
      "url": "https://uhsacontentprod.blob.core.windows.net/unithistorythumbnails/173cb172-b3ea-f011-8544-0022480a6776/IMG_4411.jpeg?sv=2025-01-05&st=2026-01-21T03%3A51%3A10Z&se=2026-01-21T04%3A06%3A10Z&sr=c&sp=racwdxltfi&rsct=image%2Fjpeg&sig=5JD0UK%2FmS7w6GqqSXVaEODqiQU3csaS5k9IUJMcUsM8%3D",
      "file": "unit-history/events/Bear paw cafe - pancake FHE - Jan 5, 2026/002.jpeg",
      "downloaded": true
    },
    {
      "index": 3,
      "url": "https://uhsacontentprod.blob.core.windows.net/unithistorythumbnails/173cb172-b3ea-f011-8544-0022480a6776/IMG_4412.jpeg?sv=2025-01-05&st=2026-01-21T03%3A51%3A10Z&se=2026-01-21T04%3A06%3A10Z&sr=c&sp=racwdxltfi&rsct=image%2Fjpeg&sig=5JD0UK%2FmS7w6GqqSXVaEODqiQU3csaS5k9IUJMcUsM8%3D",
      "file": "unit-history/events/Bear paw cafe - pancake FHE - Jan 5, 2026/003.jpeg",
      "downloaded": true
    },
    {
      "index": 4,
      "url": "https://uhsacontentprod.blob.core.windows.net/unithistorythumbnails/173cb172-b3ea-f011-8544-0022480a6776/IMG_4414.jpeg?sv=2025-01-05&st=2026-01-21T03%3A51%3A10Z&se=2026-01-21T04%3A06%3A10Z&sr=c&sp=racwdxltfi&rsct=image%2Fjpeg&sig=5JD0UK%2FmS7w6GqqSXVaEODqiQU3csaS5k9IUJMcUsM8%3D",
      "file": "unit-history/events/Bear paw cafe - pancake FHE - Jan 5, 2026/004.jpeg",
      "downloaded": true
    },
    {
      "index": 5,
      "url": "https://uhsacontentprod.blob.core.windows.net/unithistorythumbnails/173cb172-b3ea-f011-8544-0022480a6776/IMG_4415.jpeg?sv=2025-01-05&st=2026-01-21T03%3A51%3A10Z&se=2026-01-21T04%3A06%3A10Z&sr=c&sp=racwdxltfi&rsct=image%2Fjpeg&sig=5JD0UK%2FmS7w6GqqSXVaEODqiQU3csaS5k9IUJMcUsM8%3D",
      "file": "unit-history/events/Bear paw cafe - pancake FHE - Jan 5, 2026/005.jpeg",
      "downloaded": true
    },
    {
      "index": 6,
      "url": "https://uhsacontentprod.blob.core.windows.net/unithistorythumbnails/173cb172-b3ea-f011-8544-0022480a6776/IMG_4416.jpeg?sv=2025-01-05&st=2026-01-21T03%3A51%3A10Z&se=2026-01-21T04%3A06%3A10Z&sr=c&sp=racwdxltfi&rsct=image%2Fjpeg&sig=5JD0UK%2FmS7w6GqqSXVaEODqiQU3csaS5k9IUJMcUsM8%3D",
      "file": "unit-history/events/Bear paw cafe - pancake FHE - Jan 5, 2026/006.jpeg",
      "downloaded": true
    },
    {
      "index": 7,
      "url": "https://uhsacontentprod.blob.core.windows.net/unithistorythumbnails/173cb172-b3ea-f011-8544-0022480a6776/IMG_4417.jpeg?sv=2025-01-05&st=2026-01-21T03%3A51%3A10Z&se=2026-01-21T04%3A06%3A10Z&sr=c&sp=racwdxltfi&rsct=image%2Fjpeg&sig=5JD0UK%2FmS7w6GqqSXVaEODqiQU3csaS5k9IUJMcUsM8%3D",
      "file": "unit-history/events/Bear paw cafe - pancake FHE - Jan 5, 2026/007.jpeg",
      "downloaded": true
    },
    {
      "index": 8,
      "url": "https://uhsacontentprod.blob.core.windows.net/unithistorythumbnails/173cb172-b3ea-f011-8544-0022480a6776/IMG_4418.jpeg?sv=2025-01-05&st=2026-01-21T03%3A51%3A10Z&se=2026-01-21T04%3A06%3A10Z&sr=c&sp=racwdxltfi&rsct=image%2Fjpeg&sig=5JD0UK%2FmS7w6GqqSXVaEODqiQU3csaS5k9IUJMcUsM8%3D",
      "file": "unit-history/events/Bear paw cafe - pancake FHE - Jan 5, 2026/008.jpeg",
      "downloaded": true
    },
    {
      "index": 9,
      "url": "https://uhsacontentprod.blob.core.windows.net/unithistorythumbnails/173cb172-b3ea-f011-8544-0022480a6776/IMG_4419.jpeg?sv=2025-01-05&st=2026-01-21T03%3A51%3A10Z&se=2026-01-21T04%3A06%3A10Z&sr=c&sp=racwdxltfi&rsct=image%2Fjpeg&sig=5JD0UK%2FmS7w6GqqSXVaEODqiQU3csaS5k9IUJMcUsM8%3D",
      "file": "unit-history/events/Bear paw cafe - pancake FHE - Jan 5, 2026/009.jpeg",
      "downloaded": true
    },
    {
      "index": 10,
      "url": "https://uhsacontentprod.blob.core.windows.net/unithistorythumbnails/173cb172-b3ea-f011-8544-0022480a6776/IMG_4420.jpeg?sv=2025-01-05&st=2026-01-21T03%3A51%3A10Z&se=2026-01-21T04%3A06%3A10Z&sr=c&sp=racwdxltfi&rsct=image%2Fjpeg&sig=5JD0UK%2FmS7w6GqqSXVaEODqiQU3csaS5k9IUJMcUsM8%3D",
      "file": "unit-history/events/Bear paw cafe - pancake FHE - Jan 5, 2026/010.jpeg",
      "downloaded": true
    },
    {
      "index": 11,
      "url": "https://uhsacontentprod.blob.core.windows.net/unithistorythumbnails/173cb172-b3ea-f011-8544-0022480a6776/IMG_4421.jpeg?sv=2025-01-05&st=2026-01-21T03%3A51%3A10Z&se=2026-01-21T04%3A06%3A10Z&sr=c&sp=racwdxltfi&rsct=image%2Fjpeg&sig=5JD0UK%2FmS7w6GqqSXVaEODqiQU3csaS5k9IUJMcUsM8%3D",
      "file": "unit-history/events/Bear paw cafe - pancake FHE - Jan 5, 2026/011.jpeg",
      "downloaded": true
    },
    {
      "index": 12,
      "url": "https://uhsacontentprod.blob.core.windows.net/unithistorythumbnails/173cb172-b3ea-f011-8544-0022480a6776/IMG_4422.jpeg?sv=2025-01-05&st=2026-01-21T03%3A51%3A10Z&se=2026-01-21T04%3A06%3A10Z&sr=c&sp=racwdxltfi&rsct=image%2Fjpeg&sig=5JD0UK%2FmS7w6GqqSXVaEODqiQU3csaS5k9IUJMcUsM8%3D",
      "file": "unit-history/events/Bear paw cafe - pancake FHE - Jan 5, 2026/012.jpeg",
      "downloaded": true
    },
    {
      "index": 13,
      "url": "https://uhsacontentprod.blob.core.windows.net/unithistorythumbnails/173cb172-b3ea-f011-8544-0022480a6776/IMG_4423.jpeg?sv=2025-01-05&st=2026-01-21T03%3A51%3A10Z&se=2026-01-21T04%3A06%3A10Z&sr=c&sp=racwdxltfi&rsct=image%2Fjpeg&sig=5JD0UK%2FmS7w6GqqSXVaEODqiQU3csaS5k9IUJMcUsM8%3D",
      "file": "unit-history/events/Bear paw cafe - pancake FHE - Jan 5, 2026/013.jpeg",
      "downloaded": true
    }
  ]
}