{
  "final_url": "https://unithistory.churchofjesuschrist.org/admin/view/fcaf25e8-abbe-f011-bbd3-6045bd05b362?page=home_page",
  "title": "Fall scavenger hunt FHE",
  "date_text": "Nov 10, 2025",
  "folder": "unit-history/events/Fall scavenger hunt FHE - Nov 10, 2025",
  "image_count_found": 64,
  "images": [
    {
      "index": 1,
      "url": "https://uhsacontentprod.blob.core.windows.net/unithistorythumbnails/fcaf25e8-abbe-f011-bbd3-6045bd05b362/IMG_1561.jpeg?sv=2025-01-05&st=2026-01-21T03%3A56%3A49Z&se=2026-01-21T04%3A11%3A49Z&sr=c&sp=racwdxltfi&rsct=image%2Fjpeg&sig=R8PC2WTnkx9UjYVYvzVbyiip1W64LaAdkHO2nJbh5Qw%3D",
      "file": "unit-history/events/Fall scavenger hunt FHE - Nov 10, 2025/001.jpeg",
      "downloaded": true
    },
    {
      "index": 2,
      "url": "https://uhsacontentprod.blob.core.windows.net/unithistorythumbnails/fcaf25e8-abbe-f011-bbd3-6045bd05b362/IMG_1563.jpeg?sv=2025-01-05&st=2026-01-21T03%3A56%3A49Z&se=2026-01-21T04%3A11%3A49Z&sr=c&sp=racwdxltfi&rsct=image%2Fjpeg&sig=R8PC2WTnkx9UjYVYvzVbyiip1W64LaAdkHO2nJbh5Qw%3D",
      "file": "unit-history/events/Fall scavenger hunt FHE - Nov 10, 2025/002.jpeg",
      "downloaded": true
    },
    {
      "index": 3,
      "url": "https://uhsacontentprod.blob.core.windows.net/unithistorythumbnails/fcaf25e8-abbe-f011-bbd3-6045bd05b362/IMG_1564.jpeg?sv=2025-01-05&st=2026-01-21T03%3A56%3A49Z&se=2026-01-21T04%3A11%3A49Z&sr=c&sp=racwdxltfi&rsct=image%2Fjpeg&sig=R8PC2WTnkx9UjYVYvzVbyiip1W64LaAdkHO2nJbh5Qw%3D",
      "file": "unit-history/events/Fall scavenger hunt FHE - Nov 10, 2025/003.jpeg",
      "downloaded": true
    },
    {
      "index": 4,
      "url": "https://uhsacontentprod.blob.core.windows.net/unithistorythumbnails/fcaf25e8-abbe-f011-bbd3-6045bd05b362/IMG_1565.jpeg?sv=2025-01-05&st=2026-01-21T03%3A56%3A49Z&se=2026-01-21T04%3A11%3A49Z&sr=c&sp=racwdxltfi&rsct=image%2Fjpeg&sig=R8PC2WTnkx9UjYVYvzVbyiip1W64LaAdkHO2nJbh5Qw%3D",
      "file": "unit-history/events/Fall scavenger hunt FHE - Nov 10, 2025/004.jpeg",
      "downloaded": true
    },
    {
      "index": 5,
      "url": "https://uhsacontentprod.blob.core.windows.net/unithistorythumbnails/fcaf25e8-abbe-f011-bbd3-6045bd05b362/IMG_1566.jpeg?sv=2025-01-05&st=2026-01-21T03%3A56%3A49Z&se=2026-01-21T04%3A11%3A49Z&sr=c&sp=racwdxltfi&rsct=image%2Fjpeg&sig=R8PC2WTnkx9UjYVYvzVbyiip1W64LaAdkHO2nJbh5Qw%3D",
      "file": "unit-history/events/Fall scavenger hunt FHE - Nov 10, 2025/005.jpeg",
      "downloaded": true
    },
    {
      "index": 6,
      "url": "https://uhsacontentprod.blob.core.windows.net/unithistorythumbnails/fcaf25e8-abbe-f011-bbd3-6045bd05b362/IMG_1567.jpeg?sv=2025-01-05&st=2026-01-21T03%3A56%3A49Z&se=2026-01-21T04%3A11%3A49Z&sr=c&sp=racwdxltfi&rsct=image%2Fjpeg&sig=R8PC2WTnkx9UjYVYvzVbyiip1W64LaAdkHO2nJbh5Qw%3D",
      "file": "unit-history/events/Fall scavenger hunt FHE - Nov 10, 2025/006.jpeg",
      "downloaded": true
    },
    {
      "index": 7,
      "url": "https://uhsacontentprod.blob.core.windows.net/unithistorythumbnails/fcaf25e8-abbe-f011-bbd3-6045bd05b362/IMG_1568.jpeg?sv=2025-01-05&st=2026-01-21T03%3A56%3A49Z&se=2026-01-21T04%3A11%3A49Z&sr=c&sp=racwdxltfi&rsct=image%2Fjpeg&sig=R8PC2WTnkx9UjYVYvzVbyiip1W64LaAdkHO2nJbh5Qw%3D",
      "file": "unit-history/events/Fall scavenger hunt FHE - Nov 10, 2025/007.jpeg",
      "downloaded": true
    },
    {
      "index": 8,
      "url": "https://uhsacontentprod.blob.core.windows.net/unithistorythumbnails/fcaf25e8-abbe-f011-bbd3-6045bd05b362/IMG_1569.jpeg?sv=2025-01-05&st=2026-01-21T03%3A56%3A49Z&se=2026-01-21T04%3A11%3A49Z&sr=c&sp=racwdxltfi&rsct=image%2Fjpeg&sig=R8PC2WTnkx9UjYVYvzVbyiip1W64LaAdkHO2nJbh5Qw%3D",
      "file": "unit-history/events/Fall scavenger hunt FHE - Nov 10, 2025/008.jpeg",
      "downloaded": true
    },
    {
      "index": 9,
      "url": "https://uhsacontentprod.blob.core.windows.net/unithistorythumbnails/fcaf25e8-abbe-f011-bbd3-6045bd05b362/IMG_1570.jpeg?sv=2025-01-05&st=2026-01-21T03%3A56%3A49Z&se=2026-01-21T04%3A11%3A49Z&sr=c&sp=racwdxltfi&rsct=image%2Fjpeg&sig=R8PC2WTnkx9UjYVYvzVbyiip1W64LaAdkHO2nJbh5Qw%3D",
      "file": "unit-history/events/Fall scavenger hunt FHE - Nov 10, 2025/009.jpeg",
      "downloaded": true
    },
    {
      "index": 10,
      "url": "https://uhsacontentprod.blob.core.windows.net/unithistorythumbnails/fcaf25e8-abbe-f011-bbd3-6045bd05b362/IMG_1571.jpeg?sv=2025-01-05&st=2026-01-21T03%3A56%3A49Z&se=2026-01-21T04%3A11%3A49Z&sr=c&sp=racwdxltfi&rsct=image%2Fjpeg&sig=R8PC2WTnkx9UjYVYvzVbyiip1W64LaAdkHO2nJbh5Qw%3D",
      "file": "unit-history/events/Fall scavenger hunt FHE - Nov 10, 2025/010.jpeg",
      "downloaded": true
    },
    {
      "index": 11,
      "url": "https://uhsacontentprod.blob.core.windows.net/unithistorythumbnails/fcaf25e8-abbe-f011-bbd3-6045bd05b362/IMG_1572.jpeg?sv=2025-01-05&st=2026-01-21T03%3A56%3A49Z&se=2026-01-21T04%3A11%3A49Z&sr=c&sp=racwdxltfi&rsct=image%2Fjpeg&sig=R8PC2WTnkx9UjYVYvzVbyiip1W64LaAdkHO2nJbh5Qw%3D",
      "file": "unit-history/events/Fall scavenger hunt FHE - Nov 10, 2025/011.jpeg",
      "downloaded": true
    },
    {
      "index": 12,
      "url": "https://uhsacontentprod.blob.core.windows.net/unithistorythumbnails/fcaf25e8-abbe-f011-bbd3-6045bd05b362/IMG_1573.jpeg?sv=2025-01-05&st=2026-01-21T03%3A56%3A49Z&se=2026-01-21T04%3A11%3A49Z&sr=c&sp=racwdxltfi&rsct=image%2Fjpeg&sig=R8PC2WTnkx9UjYVYvzVbyiip1W64LaAdkHO2nJbh5Qw%3D",
      "file": "unit-history/events/Fall scavenger hunt FHE - Nov 10, 2025/012.jpeg",
      "downloaded": true
    },
    {
      "index": 13,
      "url": "https://uhsacontentprod.blob.core.windows.net/unithistorythumbnails/fcaf25e8-abbe-f011-bbd3-6045bd05b362/IMG_1574.jpeg?sv=2025-01-05&st=2026-01-21T03%3A56%3A49Z&se=2026-01-21T04%3A11%3A49Z&sr=c&sp=racwdxltfi&rsct=image%2Fjpeg&sig=R8PC2WTnkx9UjYVYvzVbyiip1W64LaAdkHO2nJbh5Qw%3D",
      "file": "unit-history/events/Fall scavenger hunt FHE - Nov 10, 2025/013.jpeg",
      "downloaded": true
    },
    {
      "index": 14,
      "url": "https://uhsacontentprod.blob.core.windows.net/unithistorythumbnails/fcaf25e8-abbe-f011-bbd3-6045bd05b362/IMG_1575.jpeg?sv=2025-01-05&st=2026-01-21T03%3A56%3A49Z&se=2026-01-21T04%3A11%3A49Z&sr=c&sp=racwdxltfi&rsct=image%2Fjpeg&sig=R8PC2WTnkx9UjYVYvzVbyiip1W64LaAdkHO2nJbh5Qw%3D",
      "file": "unit-history/events/Fall scavenger hunt FHE - Nov 10, 2025/014.jpeg",
      "downloaded": true
    },
    {
      "index": 15,
      "url": "https://uhsacontentprod.blob.core.windows.net/unithistorythumbnails/fcaf25e8-abbe-f011-bbd3-6045bd05b362/IMG_1576.jpeg?sv=2025-01-05&st=2026-01-21T03%3A56%3A49Z&se=2026-01-21T04%3A11%3A49Z&sr=c&sp=racwdxltfi&rsct=image%2Fjpeg&sig=R8PC2WTnkx9UjYVYvzVbyiip1W64LaAdkHO2nJbh5Qw%3D",
      "file": "unit-history/events/Fall scavenger hunt FHE - Nov 10, 2025/015.jpeg",
      "downloaded": true
    },
    {
      "index": 16,
      "url": "https://uhsacontentprod.blob.core.windows.net/unithistorythumbnails/fcaf25e8-abbe-f011-bbd3-6045bd05b362/IMG_1577.jpeg?sv=2025-01-05&st=2026-01-21T03%3A56%3A49Z&se=2026-01-21T04%3A11%3A49Z&sr=c&sp=racwdxltfi&rsct=image%2Fjpeg&sig=R8PC2WTnkx9UjYVYvzVbyiip1W64LaAdkHO2nJbh5Qw%3D",
      "file": "unit-history/events/Fall scavenger hunt FHE - Nov 10, 2025/016.jpeg",
      "downloaded": true
    },
    {
      "index": 17,
      "url": "https://uhsacontentprod.blob.core.windows.net/unithistorythumbnails/fcaf25e8-abbe-f011-bbd3-6045bd05b362/IMG_1578.jpeg?sv=2025-01-05&st=2026-01-21T03%3A56%3A49Z&se=2026-01-21T04%3A11%3A49Z&sr=c&sp=racwdxltfi&rsct=image%2Fjpeg&sig=R8PC2WTnkx9UjYVYvzVbyiip1W64LaAdkHO2nJbh5Qw%3D",
      "file": "unit-history/events/Fall scavenger hunt FHE - Nov 10, 2025/017.jpeg",
      "downloaded": true
    },
    {
      "index": 18,
      "url": "https://uhsacontentprod.blob.core.windows.net/unithistorythumbnails/fcaf25e8-abbe-f011-bbd3-6045bd05b362/IMG_1579.jpeg?sv=2025-01-05&st=2026-01-21T03%3A56%3A49Z&se=2026-01-21T04%3A11%3A49Z&sr=c&sp=racwdxltfi&rsct=image%2Fjpeg&sig=R8PC2WTnkx9UjYVYvzVbyiip1W64LaAdkHO2nJbh5Qw%3D",
      "file": "unit-history/events/Fall scavenger hunt FHE - Nov 10, 2025/018.jpeg",
      "downloaded": true
    },
    {
      "index": 19,
      "url": "https://uhsacontentprod.blob.core.windows.net/unithistorythumbnails/fcaf25e8-abbe-f011-bbd3-6045bd05b362/IMG_1581.jpeg?sv=2025-01-05&st=2026-01-21T03%3A56%3A49Z&se=2026-01-21T04%3A11%3A49Z&sr=c&sp=racwdxltfi&rsct=image%2Fjpeg&sig=R8PC2WTnkx9UjYVYvzVbyiip1W64LaAdkHO2nJbh5Qw%3D",
      "file": "unit-history/events/Fall scavenger hunt FHE - Nov 10, 2025/019.jpeg",
      "downloaded": true
    },
    {
      "index": 20,
      "url": "https://uhsacontentprod.blob.core.windows.net/unithistorythumbnails/fcaf25e8-abbe-f011-bbd3-6045bd05b362/IMG_1582.jpeg?sv=2025-01-05&st=2026-01-21T03%3A56%3A49Z&se=2026-01-21T04%3A11%3A49Z&sr=c&sp=racwdxltfi&rsct=image%2Fjpeg&sig=R8PC2WTnkx9UjYVYvzVbyiip1W64LaAdkHO2nJbh5Qw%3D",
      "file": "unit-history/events/Fall scavenger hunt FHE - Nov 10, 2025/020.jpeg",
      "downloaded": true
    },
    {
      "index": 21,
      "url": "https://uhsacontentprod.blob.core.windows.net/unithistorythumbnails/fcaf25e8-abbe-f011-bbd3-6045bd05b362/IMG_1583.jpeg?sv=2025-01-05&st=2026-01-21T03%3A56%3A49Z&se=2026-01-21T04%3A11%3A49Z&sr=c&sp=racwdxltfi&rsct=image%2Fjpeg&sig=R8PC2WTnkx9UjYVYvzVbyiip1W64LaAdkHO2nJbh5Qw%3D",
      "file": "unit-history/events/Fall scavenger hunt FHE - Nov 10, 2025/021.jpeg",
      "downloaded": true
    },
    {
      "index": 22,
      "url": "https://uhsacontentprod.blob.core.windows.net/unithistorythumbnails/fcaf25e8-abbe-f011-bbd3-6045bd05b362/IMG_1585.jpeg?sv=2025-01-05&st=2026-01-21T03%3A56%3A49Z&se=2026-01-21T04%3A11%3A49Z&sr=c&sp=racwdxltfi&rsct=image%2Fjpeg&sig=R8PC2WTnkx9UjYVYvzVbyiip1W64LaAdkHO2nJbh5Qw%3D",
      "file": "unit-history/events/Fall scavenger hunt FHE - Nov 10, 2025/022.jpeg",
      "downloaded": true
    },
    {
      "index": 23,
      "url": "https://uhsacontentprod.blob.core.windows.net/unithistorythumbnails/fcaf25e8-abbe-f011-bbd3-6045bd05b362/IMG_1587.jpeg?sv=2025-01-05&st=2026-01-21T03%3A56%3A49Z&se=2026-01-21T04%3A11%3A49Z&sr=c&sp=racwdxltfi&rsct=image%2Fjpeg&sig=R8PC2WTnkx9UjYVYvzVbyiip1W64LaAdkHO2nJbh5Qw%3D",
      "file": "unit-history/events/Fall scavenger hunt FHE - Nov 10, 2025/023.jpeg",
      "downloaded": true
    },
    {
      "index": 24,
      "url": "https://uhsacontentprod.blob.core.windows.net/unithistorythumbnails/fcaf25e8-abbe-f011-bbd3-6045bd05b362/IMG_1588.jpeg?sv=2025-01-05&st=2026-01-21T03%3A56%3A49Z&se=2026-01-21T04%3A11%3A49Z&sr=c&sp=racwdxltfi&rsct=image%2Fjpeg&sig=R8PC2WTnkx9UjYVYvzVbyiip1W64LaAdkHO2nJbh5Qw%3D",
      "file": "unit-history/events/Fall scavenger hunt FHE - Nov 10, 2025/024.jpeg",
      "downloaded": true
    },
    {
      "index": 25,
      "url": "https://uhsacontentprod.blob.core.windows.net/unithistorythumbnails/fcaf25e8-abbe-f011-bbd3-6045bd05b362/IMG_1590.jpeg?sv=2025-01-05&st=2026-01-21T03%3A56%3A49Z&se=2026-01-21T04%3A11%3A49Z&sr=c&sp=racwdxltfi&rsct=image%2Fjpeg&sig=R8PC2WTnkx9UjYVYvzVbyiip1W64LaAdkHO2nJbh5Qw%3D",
      "file": "unit-history/events/Fall scavenger hunt FHE - Nov 10, 2025/025.jpeg",
      "downloaded": true
    },
    {
      "index": 26,
      "url": "https://uhsacontentprod.blob.core.windows.net/unithistorythumbnails/fcaf25e8-abbe-f011-bbd3-6045bd05b362/IMG_1591.jpeg?sv=2025-01-05&st=2026-01-21T03%3A56%3A49Z&se=2026-01-21T04%3A11%3A49Z&sr=c&sp=racwdxltfi&rsct=image%2Fjpeg&sig=R8PC2WTnkx9UjYVYvzVbyiip1W64LaAdkHO2nJbh5Qw%3D",
      "file": "unit-history/events/Fall scavenger hunt FHE - Nov 10, 2025/026.jpeg",
      "downloaded": true
    },
    {
      "index": 27,
      "url": "https://uhsacontentprod.blob.core.windows.net/unithistorythumbnails/fcaf25e8-abbe-f011-bbd3-6045bd05b362/IMG_1592.jpeg?sv=2025-01-05&st=2026-01-21T03%3A56%3A49Z&se=2026-01-21T04%3A11%3A49Z&sr=c&sp=racwdxltfi&rsct=image%2Fjpeg&sig=R8PC2WTnkx9UjYVYvzVbyiip1W64LaAdkHO2nJbh5Qw%3D",
      "file": "unit-history/events/Fall scavenger hunt FHE - Nov 10, 2025/027.jpeg",
      "downloaded": true
    },
    {
      "index": 28,
      "url": "https://uhsacontentprod.blob.core.windows.net/unithistorythumbnails/fcaf25e8-abbe-f011-bbd3-6045bd05b362/IMG_1594.jpeg?sv=2025-01-05&st=2026-01-21T03%3A56%3A49Z&se=2026-01-21T04%3A11%3A49Z&sr=c&sp=racwdxltfi&rsct=image%2Fjpeg&sig=R8PC2WTnkx9UjYVYvzVbyiip1W64LaAdkHO2nJbh5Qw%3D",
      "file": "unit-history/events/Fall scavenger hunt FHE - Nov 10, 2025/028.jpeg",
      "downloaded": true
    },
    {
      "index": 29,
      "url": "https://uhsacontentprod.blob.core.windows.net/unithistorythumbnails/fcaf25e8-abbe-f011-bbd3-6045bd05b362/IMG_1595.jpeg?sv=2025-01-05&st=2026-01-21T03%3A56%3A49Z&se=2026-01-21T04%3A11%3A49Z&sr=c&sp=racwdxltfi&rsct=image%2Fjpeg&sig=R8PC2WTnkx9UjYVYvzVbyiip1W64LaAdkHO2nJbh5Qw%3D",
      "file": "unit-history/events/Fall scavenger hunt FHE - Nov 10, 2025/029.jpeg",
      "downloaded": true
    },
    {
      "index": 30,
      "url": "https://uhsacontentprod.blob.core.windows.net/unithistorythumbnails/fcaf25e8-abbe-f011-bbd3-6045bd05b362/IMG_1597.jpeg?sv=2025-01-05&st=2026-01-21T03%3A56%3A49Z&se=2026-01-21T04%3A11%3A49Z&sr=c&sp=racwdxltfi&rsct=image%2Fjpeg&sig=R8PC2WTnkx9UjYVYvzVbyiip1W64LaAdkHO2nJbh5Qw%3D",
      "file": "unit-history/events/Fall scavenger hunt FHE - Nov 10, 2025/030.jpeg",
      "downloaded": true
    },
    {
      "index": 31,
      "url": "https://uhsacontentprod.blob.core.windows.net/unithistorythumbnails/fcaf25e8-abbe-f011-bbd3-6045bd05b362/IMG_1598.jpeg?sv=2025-01-05&st=2026-01-21T03%3A56%3A49Z&se=2026-01-21T04%3A11%3A49Z&sr=c&sp=racwdxltfi&rsct=image%2Fjpeg&sig=R8PC2WTnkx9UjYVYvzVbyiip1W64LaAdkHO2nJbh5Qw%3D",
      "file": "unit-history/events/Fall scavenger hunt FHE - Nov 10, 2025/031.jpeg",
      "downloaded": true
    },
    {
      "index": 32,
      "url": "https://uhsacontentprod.blob.core.windows.net/unithistorythumbnails/fcaf25e8-abbe-f011-bbd3-6045bd05b362/IMG_1599.jpeg?sv=2025-01-05&st=2026-01-21T03%3A56%3A49Z&se=2026-01-21T04%3A11%3A49Z&sr=c&sp=racwdxltfi&rsct=image%2Fjpeg&sig=R8PC2WTnkx9UjYVYvzVbyiip1W64LaAdkHO2nJbh5Qw%3D",
      "file": "unit-history/events/Fall scavenger hunt FHE - Nov 10, 2025/032.jpeg",
      "downloaded": true
    },
    {
      "index": 33,
      "url": "https://uhsacontentprod.blob.core.windows.net/unithistorythumbnails/fcaf25e8-abbe-f011-bbd3-6045bd05b362/IMG_1600.jpeg?sv=2025-01-05&st=2026-01-21T03%3A56%3A49Z&se=2026-01-21T04%3A11%3A49Z&sr=c&sp=racwdxltfi&rsct=image%2Fjpeg&sig=R8PC2WTnkx9UjYVYvzVbyiip1W64LaAdkHO2nJbh5Qw%3D",
      "file": "unit-history/events/Fall scavenger hunt FHE - Nov 10, 2025/033.jpeg",
      "downloaded": true
    },
    {
      "index": 34,
      "url": "https://uhsacontentprod.blob.core.windows.net/unithistorythumbnails/fcaf25e8-abbe-f011-bbd3-6045bd05b362/IMG_1601.jpeg?sv=2025-01-05&st=2026-01-21T03%3A56%3A49Z&se=2026-01-21T04%3A11%3A49Z&sr=c&sp=racwdxltfi&rsct=image%2Fjpeg&sig=R8PC2WTnkx9UjYVYvzVbyiip1W64LaAdkHO2nJbh5Qw%3D",
      "file": "unit-history/events/Fall scavenger hunt FHE - Nov 10, 2025/034.jpeg",
      "downloaded": true
    },
    {
      "index": 35,
      "url": "https://uhsacontentprod.blob.core.windows.net/unithistorythumbnails/fcaf25e8-abbe-f011-bbd3-6045bd05b362/IMG_1602.jpeg?sv=2025-01-05&st=2026-01-21T03%3A56%3A49Z&se=2026-01-21T04%3A11%3A49Z&sr=c&sp=racwdxltfi&rsct=image%2Fjpeg&sig=R8PC2WTnkx9UjYVYvzVbyiip1W64LaAdkHO2nJbh5Qw%3D",
      "file": "unit-history/events/Fall scavenger hunt FHE - Nov 10, 2025/035.jpeg",
      "downloaded": true
    },
    {
      "index": 36,
      "url": "https://uhsacontentprod.blob.core.windows.net/unithistorythumbnails/fcaf25e8-abbe-f011-bbd3-6045bd05b362/IMG_1603.jpeg?sv=2025-01-05&st=2026-01-21T03%3A56%3A49Z&se=2026-01-21T04%3A11%3A49Z&sr=c&sp=racwdxltfi&rsct=image%2Fjpeg&sig=R8PC2WTnkx9UjYVYvzVbyiip1W64LaAdkHO2nJbh5Qw%3D",
      "file": "unit-history/events/Fall scavenger hunt FHE - Nov 10, 2025/036.jpeg",
      "downloaded": true
    },
    {
      "index": 37,
      "url": "https://uhsacontentprod.blob.core.windows.net/unithistorythumbnails/fcaf25e8-abbe-f011-bbd3-6045bd05b362/IMG_1604.jpeg?sv=2025-01-05&st=2026-01-21T03%3A56%3A49Z&se=2026-01-21T04%3A11%3A49Z&sr=c&sp=racwdxltfi&rsct=image%2Fjpeg&sig=R8PC2WTnkx9UjYVYvzVbyiip1W64LaAdkHO2nJbh5Qw%3D",
      "file": "unit-history/events/Fall scavenger hunt FHE - Nov 10, 2025/037.jpeg",
      "downloaded": true
    },
    {
      "index": 38,
      "url": "https://uhsacontentprod.blob.core.windows.net/unithistorythumbnails/fcaf25e8-abbe-f011-bbd3-6045bd05b362/IMG_1605.jpeg?sv=2025-01-05&st=2026-01-21T03%3A56%3A49Z&se=2026-01-21T04%3A11%3A49Z&sr=c&sp=racwdxltfi&rsct=image%2Fjpeg&sig=R8PC2WTnkx9UjYVYvzVbyiip1W64LaAdkHO2nJbh5Qw%3D",
      "file": "unit-history/events/Fall scavenger hunt FHE - Nov 10, 2025/038.jpeg",
      "downloaded": true
    },
    {
      "index": 39,
      "url": "https://uhsacontentprod.blob.core.windows.net/unithistorythumbnails/fcaf25e8-abbe-f011-bbd3-6045bd05b362/IMG_1606.jpeg?sv=2025-01-05&st=2026-01-21T03%3A56%3A49Z&se=2026-01-21T04%3A11%3A49Z&sr=c&sp=racwdxltfi&rsct=image%2Fjpeg&sig=R8PC2WTnkx9UjYVYvzVbyiip1W64LaAdkHO2nJbh5Qw%3D",
      "file": "unit-history/events/Fall scavenger hunt FHE - Nov 10, 2025/039.jpeg",
      "downloaded": true
    },
    {
      "index": 40,
      "url": "https://uhsacontentprod.blob.core.windows.net/unithistorythumbnails/fcaf25e8-abbe-f011-bbd3-6045bd05b362/IMG_1608.jpeg?sv=2025-01-05&st=2026-01-21T03%3A56%3A49Z&se=2026-01-21T04%3A11%3A49Z&sr=c&sp=racwdxltfi&rsct=image%2Fjpeg&sig=R8PC2WTnkx9UjYVYvzVbyiip1W64LaAdkHO2nJbh5Qw%3D",
      "file": "unit-history/events/Fall scavenger hunt FHE - Nov 10, 2025/040.jpeg",
      "downloaded": true
    },
    {
      "index": 41,
      "url": "https://uhsacontentprod.blob.core.windows.net/unithistorythumbnails/fcaf25e8-abbe-f011-bbd3-6045bd05b362/IMG_1610.jpeg?sv=2025-01-05&st=2026-01-21T03%3A56%3A49Z&se=2026-01-21T04%3A11%3A49Z&sr=c&sp=racwdxltfi&rsct=image%2Fjpeg&sig=R8PC2WTnkx9UjYVYvzVbyiip1W64LaAdkHO2nJbh5Qw%3D",
      "file": "unit-history/events/Fall scavenger hunt FHE - Nov 10, 2025/041.jpeg",
      "downloaded": true
    },
    {
      "index": 42,
      "url": "https://uhsacontentprod.blob.core.windows.net/unithistorythumbnails/fcaf25e8-abbe-f011-bbd3-6045bd05b362/IMG_1613.jpeg?sv=2025-01-05&st=2026-01-21T03%3A56%3A49Z&se=2026-01-21T04%3A11%3A49Z&sr=c&sp=racwdxltfi&rsct=image%2Fjpeg&sig=R8PC2WTnkx9UjYVYvzVbyiip1W64LaAdkHO2nJbh5Qw%3D",
      "file": "unit-history/events/Fall scavenger hunt FHE - Nov 10, 2025/042.jpeg",
      "downloaded": true
    },
    {
      "index": 43,
      "url": "https://uhsacontentprod.blob.core.windows.net/unithistorythumbnails/fcaf25e8-abbe-f011-bbd3-6045bd05b362/IMG_3531.jpeg?sv=2025-01-05&st=2026-01-21T03%3A56%3A49Z&se=2026-01-21T04%3A11%3A49Z&sr=c&sp=racwdxltfi&rsct=image%2Fjpeg&sig=R8PC2WTnkx9UjYVYvzVbyiip1W64LaAdkHO2nJbh5Qw%3D",
      "file": "unit-history/events/Fall scavenger hunt FHE - Nov 10, 2025/043.jpeg",
      "downloaded": true
    },
    {
      "index": 44,
      "url": "https://uhsacontentprod.blob.core.windows.net/unithistorythumbnails/fcaf25e8-abbe-f011-bbd3-6045bd05b362/IMG_3532.jpeg?sv=2025-01-05&st=2026-01-21T03%3A56%3A49Z&se=2026-01-21T04%3A11%3A49Z&sr=c&sp=racwdxltfi&rsct=image%2Fjpeg&sig=R8PC2WTnkx9UjYVYvzVbyiip1W64LaAdkHO2nJbh5Qw%3D",
      "file": "unit-history/events/Fall scavenger hunt FHE - Nov 10, 2025/044.jpeg",
      "downloaded": true
    },
    {
      "index": 45,
      "url": "https://uhsacontentprod.blob.core.windows.net/unithistorythumbnails/fcaf25e8-abbe-f011-bbd3-6045bd05b362/IMG_3533.jpeg?sv=2025-01-05&st=2026-01-21T03%3A56%3A49Z&se=2026-01-21T04%3A11%3A49Z&sr=c&sp=racwdxltfi&rsct=image%2Fjpeg&sig=R8PC2WTnkx9UjYVYvzVbyiip1W64LaAdkHO2nJbh5Qw%3D",
      "file": "unit-history/events/Fall scavenger hunt FHE - Nov 10, 2025/045.jpeg",
      "downloaded": true
    },
    {
      "index": 46,
      "url": "https://uhsacontentprod.blob.core.windows.net/unithistorythumbnails/fcaf25e8-abbe-f011-bbd3-6045bd05b362/IMG_3534.jpeg?sv=2025-01-05&st=2026-01-21T03%3A56%3A49Z&se=2026-01-21T04%3A11%3A49Z&sr=c&sp=racwdxltfi&rsct=image%2Fjpeg&sig=R8PC2WTnkx9UjYVYvzVbyiip1W64LaAdkHO2nJbh5Qw%3D",
      "file": "unit-history/events/Fall scavenger hunt FHE - Nov 10, 2025/046.jpeg",
      "downloaded": true
    },
    {
      "index": 47,
      "url": "https://uhsacontentprod.blob.core.windows.net/unithistorythumbnails/fcaf25e8-abbe-f011-bbd3-6045bd05b362/IMG_3535.jpeg?sv=2025-01-05&st=2026-01-21T03%3A56%3A49Z&se=2026-01-21T04%3A11%3A49Z&sr=c&sp=racwdxltfi&rsct=image%2Fjpeg&sig=R8PC2WTnkx9UjYVYvzVbyiip1W64LaAdkHO2nJbh5Qw%3D",
      "file": "unit-history/events/Fall scavenger hunt FHE - Nov 10, 2025/047.jpeg",
      "downloaded": true
    },
    {
      "index": 48,
      "url": "https://uhsacontentprod.blob.core.windows.net/unithistorythumbnails/fcaf25e8-abbe-f011-bbd3-6045bd05b362/IMG_3536.jpeg?sv=2025-01-05&st=2026-01-21T03%3A56%3A49Z&se=2026-01-21T04%3A11%3A49Z&sr=c&sp=racwdxltfi&rsct=image%2Fjpeg&sig=R8PC2WTnkx9UjYVYvzVbyiip1W64LaAdkHO2nJbh5Qw%3D",
      "file": "unit-history/events/Fall scavenger hunt FHE - Nov 10, 2025/048.jpeg",
      "downloaded": true
    },
    {
      "index": 49,
      "url": "https://uhsacontentprod.blob.core.windows.net/unithistorythumbnails/fcaf25e8-abbe-f011-bbd3-6045bd05b362/IMG_3537.jpeg?sv=2025-01-05&st=2026-01-21T03%3A56%3A49Z&se=2026-01-21T04%3A11%3A49Z&sr=c&sp=racwdxltfi&rsct=image%2Fjpeg&sig=R8PC2WTnkx9UjYVYvzVbyiip1W64LaAdkHO2nJbh5Qw%3D",
      "file": "unit-history/events/Fall scavenger hunt FHE - Nov 10, 2025/049.jpeg",
      "downloaded": true
    },
    {
      "index": 50,
      "url": "https://uhsacontentprod.blob.core.windows.net/unithistorythumbnails/fcaf25e8-abbe-f011-bbd3-6045bd05b362/IMG_3538.jpeg?sv=2025-01-05&st=2026-01-21T03%3A56%3A49Z&se=2026-01-21T04%3A11%3A49Z&sr=c&sp=racwdxltfi&rsct=image%2Fjpeg&sig=R8PC2WTnkx9UjYVYvzVbyiip1W64LaAdkHO2nJbh5Qw%3D",
      "file": "unit-history/events/Fall scavenger hunt FHE - Nov 10, 2025/050.jpeg",
      "downloaded": true
    },
    {
      "index": 51,
      "url": "https://uhsacontentprod.blob.core.windows.net/unithistorythumbnails/fcaf25e8-abbe-f011-bbd3-6045bd05b362/IMG_3539.jpeg?sv=2025-01-05&st=2026-01-21T03%3A56%3A49Z&se=2026-01-21T04%3A11%3A49Z&sr=c&sp=racwdxltfi&rsct=image%2Fjpeg&sig=R8PC2WTnkx9UjYVYvzVbyiip1W64LaAdkHO2nJbh5Qw%3D",
      "file": "unit-history/events/Fall scavenger hunt FHE - Nov 10, 2025/051.jpeg",
      "downloaded": true
    },
    {
      "index": 52,
      "url": "https://uhsacontentprod.blob.core.windows.net/unithistorythumbnails/fcaf25e8-abbe-f011-bbd3-6045bd05b362/IMG_3618.jpeg?sv=2025-01-05&st=2026-01-21T03%3A56%3A49Z&se=2026-01-21T04%3A11%3A49Z&sr=c&sp=racwdxltfi&rsct=image%2Fjpeg&sig=R8PC2WTnkx9UjYVYvzVbyiip1W64LaAdkHO2nJbh5Qw%3D",
      "file": "unit-history/events/Fall scavenger hunt FHE - Nov 10, 2025/052.jpeg",
      "downloaded": true
    },
    {
      "index": 53,
      "url": "https://uhsacontentprod.blob.core.windows.net/unithistorythumbnails/fcaf25e8-abbe-f011-bbd3-6045bd05b362/IMG_4695.jpeg?sv=2025-01-05&st=2026-01-21T03%3A56%3A49Z&se=2026-01-21T04%3A11%3A49Z&sr=c&sp=racwdxltfi&rsct=image%2Fjpeg&sig=R8PC2WTnkx9UjYVYvzVbyiip1W64LaAdkHO2nJbh5Qw%3D",
      "file": "unit-history/events/Fall scavenger hunt FHE - Nov 10, 2025/053.jpeg",
      "downloaded": true
    },
    {
      "index": 54,
      "url": "https://uhsacontentprod.blob.core.windows.net/unithistorythumbnails/fcaf25e8-abbe-f011-bbd3-6045bd05b362/IMG_4705.jpeg?sv=2025-01-05&st=2026-01-21T03%3A56%3A49Z&se=2026-01-21T04%3A11%3A49Z&sr=c&sp=racwdxltfi&rsct=image%2Fjpeg&sig=R8PC2WTnkx9UjYVYvzVbyiip1W64LaAdkHO2nJbh5Qw%3D",
      "file": "unit-history/events/Fall scavenger hunt FHE - Nov 10, 2025/054.jpeg",
      "downloaded": true
    },
    {
      "index": 55,
      "url": "https://uhsacontentprod.blob.core.windows.net/unithistorythumbnails/fcaf25e8-abbe-f011-bbd3-6045bd05b362/IMG_4710.jpeg?sv=2025-01-05&st=2026-01-21T03%3A56%3A49Z&se=2026-01-21T04%3A11%3A49Z&sr=c&sp=racwdxltfi&rsct=image%2Fjpeg&sig=R8PC2WTnkx9UjYVYvzVbyiip1W64LaAdkHO2nJbh5Qw%3D",
      "file": "unit-history/events/Fall scavenger hunt FHE - Nov 10, 2025/055.jpeg",
      "downloaded": true
    },
    {
      "index": 56,
      "url": "https://uhsacontentprod.blob.core.windows.net/unithistorythumbnails/fcaf25e8-abbe-f011-bbd3-6045bd05b362/IMG_6481.jpeg?sv=2025-01-05&st=2026-01-21T03%3A56%3A49Z&se=2026-01-21T04%3A11%3A49Z&sr=c&sp=racwdxltfi&rsct=image%2Fjpeg&sig=R8PC2WTnkx9UjYVYvzVbyiip1W64LaAdkHO2nJbh5Qw%3D",
      "file": "unit-history/events/Fall scavenger hunt FHE - Nov 10, 2025/056.jpeg",
      "downloaded": true
    },
    {
      "index": 57,
      "url": "https://uhsacontentprod.blob.core.windows.net/unithistorythumbnails/fcaf25e8-abbe-f011-bbd3-6045bd05b362/IMG_6489.jpeg?sv=2025-01-05&st=2026-01-21T03%3A56%3A49Z&se=2026-01-21T04%3A11%3A49Z&sr=c&sp=racwdxltfi&rsct=image%2Fjpeg&sig=R8PC2WTnkx9UjYVYvzVbyiip1W64LaAdkHO2nJbh5Qw%3D",
      "file": "unit-history/events/Fall scavenger hunt FHE - Nov 10, 2025/057.jpeg",
      "downloaded": true
    },
    {
      "index": 58,
      "url": "https://uhsacontentprod.blob.core.windows.net/unithistorythumbnails/fcaf25e8-abbe-f011-bbd3-6045bd05b362/IMG_6490.jpeg?sv=2025-01-05&st=2026-01-21T03%3A56%3A49Z&se=2026-01-21T04%3A11%3A49Z&sr=c&sp=racwdxltfi&rsct=image%2Fjpeg&sig=R8PC2WTnkx9UjYVYvzVbyiip1W64LaAdkHO2nJbh5Qw%3D",
      "file": "unit-history/events/Fall scavenger hunt FHE - Nov 10, 2025/058.jpeg",
      "downloaded": true
    },
    {
      "index": 59,
      "url": "https://uhsacontentprod.blob.core.windows.net/unithistorythumbnails/fcaf25e8-abbe-f011-bbd3-6045bd05b362/IMG_6491.jpeg?sv=2025-01-05&st=2026-01-21T03%3A56%3A49Z&se=2026-01-21T04%3A11%3A49Z&sr=c&sp=racwdxltfi&rsct=image%2Fjpeg&sig=R8PC2WTnkx9UjYVYvzVbyiip1W64LaAdkHO2nJbh5Qw%3D",
      "file": "unit-history/events/Fall scavenger hunt FHE - Nov 10, 2025/059.jpeg",
      "downloaded": true
    },
    {
      "index": 60,
      "url": "https://uhsacontentprod.blob.core.windows.net/unithistorythumbnails/fcaf25e8-abbe-f011-bbd3-6045bd05b362/IMG_6493.jpeg?sv=2025-01-05&st=2026-01-21T03%3A56%3A49Z&se=2026-01-21T04%3A11%3A49Z&sr=c&sp=racwdxltfi&rsct=image%2Fjpeg&sig=R8PC2WTnkx9UjYVYvzVbyiip1W64LaAdkHO2nJbh5Qw%3D",
      "file": "unit-history/events/Fall scavenger hunt FHE - Nov 10, 2025/060.jpeg",
      "downloaded": true
    },
    {
      "index": 61,
      "url": "https://uhsacontentprod.blob.core.windows.net/unithistorythumbnails/fcaf25e8-abbe-f011-bbd3-6045bd05b362/IMG_6494.jpeg?sv=2025-01-05&st=2026-01-21T03%3A56%3A49Z&se=2026-01-21T04%3A11%3A49Z&sr=c&sp=racwdxltfi&rsct=image%2Fjpeg&sig=R8PC2WTnkx9UjYVYvzVbyiip1W64LaAdkHO2nJbh5Qw%3D",
      "file": "unit-history/events/Fall scavenger hunt FHE - Nov 10, 2025/061.jpeg",
      "downloaded": true
    },
    {
      "index": 62,
      "url": "https://uhsacontentprod.blob.core.windows.net/unithistorythumbnails/fcaf25e8-abbe-f011-bbd3-6045bd05b362/IMG_6496.jpeg?sv=2025-01-05&st=2026-01-21T03%3A56%3A49Z&se=2026-01-21T04%3A11%3A49Z&sr=c&sp=racwdxltfi&rsct=image%2Fjpeg&sig=R8PC2WTnkx9UjYVYvzVbyiip1W64LaAdkHO2nJbh5Qw%3D",
      "file": "unit-history/events/Fall scavenger hunt FHE - Nov 10, 2025/062.jpeg",
      "downloaded": true
    },
    {
      "index": 63,
      "url": "https://uhsacontentprod.blob.core.windows.net/unithistorythumbnails/fcaf25e8-abbe-f011-bbd3-6045bd05b362/IMG_6498.jpeg?sv=2025-01-05&st=2026-01-21T03%3A56%3A49Z&se=2026-01-21T04%3A11%3A49Z&sr=c&sp=racwdxltfi&rsct=image%2Fjpeg&sig=R8PC2WTnkx9UjYVYvzVbyiip1W64LaAdkHO2nJbh5Qw%3D",
      "file": "unit-history/events/Fall scavenger hunt FHE - Nov 10, 2025/063.jpeg",
      "downloaded": true
    },
    {
      "index": 64,
      "url": "https://uhsacontentprod.blob.core.windows.net/unithistorythumbnails/fcaf25e8-abbe-f011-bbd3-6045bd05b362/IMG_6499.jpeg?sv=2025-01-05&st=2026-01-21T03%3A56%3A49Z&se=2026-01-21T04%3A11%3A49Z&sr=c&sp=racwdxltfi&rsct=image%2Fjpeg&sig=R8PC2WTnkx9UjYVYvzVbyiip1W64LaAdkHO2nJbh5Qw%3D",
      "file": "unit-history/events/Fall scavenger hunt FHE - Nov 10, 2025/064.jpeg",
      "downloaded": true
    }
  ]
}