{
  "final_url": "https://unithistory.churchofjesuschrist.org/admin/view/c82c67af-90bd-f011-bbd3-002248084b93?page=home_page",
  "title": "Fall gathering",
  "date_text": "Oct 18, 2025",
  "folder": "unit-history/events/Fall gathering - Oct 18, 2025",
  "image_count_found": 19,
  "images": [
    {
      "index": 1,
      "url": "https://uhsacontentprod.blob.core.windows.net/unithistorythumbnails/c82c67af-90bd-f011-bbd3-002248084b93/IMG_3187.jpeg?sv=2025-01-05&st=2026-01-21T03%3A57%3A07Z&se=2026-01-21T04%3A12%3A07Z&sr=c&sp=racwdxltfi&rsct=image%2Fjpeg&sig=O9JjvAUmd2kfPh35gt5zcV2lz6wUvzQ4iRC6J8uK3Sg%3D",
      "file": "unit-history/events/Fall gathering - Oct 18, 2025/001.jpeg",
      "downloaded": true
    },
    {
      "index": 2,
      "url": "https://uhsacontentprod.blob.core.windows.net/unithistorythumbnails/c82c67af-90bd-f011-bbd3-002248084b93/IMG_3188.jpeg?sv=2025-01-05&st=2026-01-21T03%3A57%3A07Z&se=2026-01-21T04%3A12%3A07Z&sr=c&sp=racwdxltfi&rsct=image%2Fjpeg&sig=O9JjvAUmd2kfPh35gt5zcV2lz6wUvzQ4iRC6J8uK3Sg%3D",
      "file": "unit-history/events/Fall gathering - Oct 18, 2025/002.jpeg",
      "downloaded": true
    },
    {
      "index": 3,
      "url": "https://uhsacontentprod.blob.core.windows.net/unithistorythumbnails/c82c67af-90bd-f011-bbd3-002248084b93/IMG_3190.jpeg?sv=2025-01-05&st=2026-01-21T03%3A57%3A07Z&se=2026-01-21T04%3A12%3A07Z&sr=c&sp=racwdxltfi&rsct=image%2Fjpeg&sig=O9JjvAUmd2kfPh35gt5zcV2lz6wUvzQ4iRC6J8uK3Sg%3D",
      "file": "unit-history/events/Fall gathering - Oct 18, 2025/003.jpeg",
      "downloaded": true
    },
    {
      "index": 4,
      "url": "https://uhsacontentprod.blob.core.windows.net/unithistorythumbnails/c82c67af-90bd-f011-bbd3-002248084b93/IMG_3191.jpeg?sv=2025-01-05&st=2026-01-21T03%3A57%3A07Z&se=2026-01-21T04%3A12%3A07Z&sr=c&sp=racwdxltfi&rsct=image%2Fjpeg&sig=O9JjvAUmd2kfPh35gt5zcV2lz6wUvzQ4iRC6J8uK3Sg%3D",
      "file": "unit-history/events/Fall gathering - Oct 18, 2025/004.jpeg",
      "downloaded": true
    },
    {
      "index": 5,
      "url": "https://uhsacontentprod.blob.core.windows.net/unithistorythumbnails/c82c67af-90bd-f011-bbd3-002248084b93/IMG_3192.jpeg?sv=2025-01-05&st=2026-01-21T03%3A57%3A07Z&se=2026-01-21T04%3A12%3A07Z&sr=c&sp=racwdxltfi&rsct=image%2Fjpeg&sig=O9JjvAUmd2kfPh35gt5zcV2lz6wUvzQ4iRC6J8uK3Sg%3D",
      "file": "unit-history/events/Fall gathering - Oct 18, 2025/005.jpeg",
      "downloaded": true
    },
    {
      "index": 6,
      "url": "https://uhsacontentprod.blob.core.windows.net/unithistorythumbnails/c82c67af-90bd-f011-bbd3-002248084b93/IMG_3193.jpeg?sv=2025-01-05&st=2026-01-21T03%3A57%3A07Z&se=2026-01-21T04%3A12%3A07Z&sr=c&sp=racwdxltfi&rsct=image%2Fjpeg&sig=O9JjvAUmd2kfPh35gt5zcV2lz6wUvzQ4iRC6J8uK3Sg%3D",
      "file": "unit-history/events/Fall gathering - Oct 18, 2025/006.jpeg",
      "downloaded": true
    },
    {
      "index": 7,
      "url": "https://uhsacontentprod.blob.core.windows.net/unithistorythumbnails/c82c67af-90bd-f011-bbd3-002248084b93/IMG_3194.jpeg?sv=2025-01-05&st=2026-01-21T03%3A57%3A07Z&se=2026-01-21T04%3A12%3A07Z&sr=c&sp=racwdxltfi&rsct=image%2Fjpeg&sig=O9JjvAUmd2kfPh35gt5zcV2lz6wUvzQ4iRC6J8uK3Sg%3D",
      "file": "unit-history/events/Fall gathering - Oct 18, 2025/007.jpeg",
      "downloaded": true
    },
    {
      "index": 8,
      "url": "https://uhsacontentprod.blob.core.windows.net/unithistorythumbnails/c82c67af-90bd-f011-bbd3-002248084b93/IMG_3195.jpeg?sv=2025-01-05&st=2026-01-21T03%3A57%3A07Z&se=2026-01-21T04%3A12%3A07Z&sr=c&sp=racwdxltfi&rsct=image%2Fjpeg&sig=O9JjvAUmd2kfPh35gt5zcV2lz6wUvzQ4iRC6J8uK3Sg%3D",
      "file": "unit-history/events/Fall gathering - Oct 18, 2025/008.jpeg",
      "downloaded": true
    },
    {
      "index": 9,
      "url": "https://uhsacontentprod.blob.core.windows.net/unithistorythumbnails/c82c67af-90bd-f011-bbd3-002248084b93/IMG_3196.jpeg?sv=2025-01-05&st=2026-01-21T03%3A57%3A07Z&se=2026-01-21T04%3A12%3A07Z&sr=c&sp=racwdxltfi&rsct=image%2Fjpeg&sig=O9JjvAUmd2kfPh35gt5zcV2lz6wUvzQ4iRC6J8uK3Sg%3D",
      "file": "unit-history/events/Fall gathering - Oct 18, 2025/009.jpeg",
      "downloaded": true
    },
    {
      "index": 10,
      "url": "https://uhsacontentprod.blob.core.windows.net/unithistorythumbnails/c82c67af-90bd-f011-bbd3-002248084b93/IMG_3197.jpeg?sv=2025-01-05&st=2026-01-21T03%3A57%3A07Z&se=2026-01-21T04%3A12%3A07Z&sr=c&sp=racwdxltfi&rsct=image%2Fjpeg&sig=O9JjvAUmd2kfPh35gt5zcV2lz6wUvzQ4iRC6J8uK3Sg%3D",
      "file": "unit-history/events/Fall gathering - Oct 18, 2025/010.jpeg",
      "downloaded": true
    },
    {
      "index": 11,
      "url": "https://uhsacontentprod.blob.core.windows.net/unithistorythumbnails/c82c67af-90bd-f011-bbd3-002248084b93/IMG_3198.jpeg?sv=2025-01-05&st=2026-01-21T03%3A57%3A07Z&se=2026-01-21T04%3A12%3A07Z&sr=c&sp=racwdxltfi&rsct=image%2Fjpeg&sig=O9JjvAUmd2kfPh35gt5zcV2lz6wUvzQ4iRC6J8uK3Sg%3D",
      "file": "unit-history/events/Fall gathering - Oct 18, 2025/011.jpeg",
      "downloaded": true
    },
    {
      "index": 12,
      "url": "https://uhsacontentprod.blob.core.windows.net/unithistorythumbnails/c82c67af-90bd-f011-bbd3-002248084b93/IMG_3199.jpeg?sv=2025-01-05&st=2026-01-21T03%3A57%3A07Z&se=2026-01-21T04%3A12%3A07Z&sr=c&sp=racwdxltfi&rsct=image%2Fjpeg&sig=O9JjvAUmd2kfPh35gt5zcV2lz6wUvzQ4iRC6J8uK3Sg%3D",
      "file": "unit-history/events/Fall gathering - Oct 18, 2025/012.jpeg",
      "downloaded": true
    },
    {
      "index": 13,
      "url": "https://uhsacontentprod.blob.core.windows.net/unithistorythumbnails/c82c67af-90bd-f011-bbd3-002248084b93/IMG_3200.jpeg?sv=2025-01-05&st=2026-01-21T03%3A57%3A07Z&se=2026-01-21T04%3A12%3A07Z&sr=c&sp=racwdxltfi&rsct=image%2Fjpeg&sig=O9JjvAUmd2kfPh35gt5zcV2lz6wUvzQ4iRC6J8uK3Sg%3D",
      "file": "unit-history/events/Fall gathering - Oct 18, 2025/013.jpeg",
      "downloaded": true
    },
    {
      "index": 14,
      "url": "https://uhsacontentprod.blob.core.windows.net/unithistorythumbnails/c82c67af-90bd-f011-bbd3-002248084b93/IMG_3204.jpeg?sv=2025-01-05&st=2026-01-21T03%3A57%3A07Z&se=2026-01-21T04%3A12%3A07Z&sr=c&sp=racwdxltfi&rsct=image%2Fjpeg&sig=O9JjvAUmd2kfPh35gt5zcV2lz6wUvzQ4iRC6J8uK3Sg%3D",
      "file": "unit-history/events/Fall gathering - Oct 18, 2025/014.jpeg",
      "downloaded": true
    },
    {
      "index": 15,
      "url": "https://uhsacontentprod.blob.core.windows.net/unithistorythumbnails/c82c67af-90bd-f011-bbd3-002248084b93/IMG_3208.jpeg?sv=2025-01-05&st=2026-01-21T03%3A57%3A07Z&se=2026-01-21T04%3A12%3A07Z&sr=c&sp=racwdxltfi&rsct=image%2Fjpeg&sig=O9JjvAUmd2kfPh35gt5zcV2lz6wUvzQ4iRC6J8uK3Sg%3D",
      "file": "unit-history/events/Fall gathering - Oct 18, 2025/015.jpeg",
      "downloaded": true
    },
    {
      "index": 16,
      "url": "https://uhsacontentprod.blob.core.windows.net/unithistorythumbnails/c82c67af-90bd-f011-bbd3-002248084b93/IMG_3209.jpeg?sv=2025-01-05&st=2026-01-21T03%3A57%3A07Z&se=2026-01-21T04%3A12%3A07Z&sr=c&sp=racwdxltfi&rsct=image%2Fjpeg&sig=O9JjvAUmd2kfPh35gt5zcV2lz6wUvzQ4iRC6J8uK3Sg%3D",
      "file": "unit-history/events/Fall gathering - Oct 18, 2025/016.jpeg",
      "downloaded": true
    },
    {
      "index": 17,
      "url": "https://uhsacontentprod.blob.core.windows.net/unithistorythumbnails/c82c67af-90bd-f011-bbd3-002248084b93/IMG_3210.jpeg?sv=2025-01-05&st=2026-01-21T03%3A57%3A07Z&se=2026-01-21T04%3A12%3A07Z&sr=c&sp=racwdxltfi&rsct=image%2Fjpeg&sig=O9JjvAUmd2kfPh35gt5zcV2lz6wUvzQ4iRC6J8uK3Sg%3D",
      "file": "unit-history/events/Fall gathering - Oct 18, 2025/017.jpeg",
      "downloaded": true
    },
    {
      "index": 18,
      "url": "https://uhsacontentprod.blob.core.windows.net/unithistorythumbnails/c82c67af-90bd-f011-bbd3-002248084b93/IMG_3211.jpeg?sv=2025-01-05&st=2026-01-21T03%3A57%3A07Z&se=2026-01-21T04%3A12%3A07Z&sr=c&sp=racwdxltfi&rsct=image%2Fjpeg&sig=O9JjvAUmd2kfPh35gt5zcV2lz6wUvzQ4iRC6J8uK3Sg%3D",
      "file": "unit-history/events/Fall gathering - Oct 18, 2025/018.jpeg",
      "downloaded": true
    },
    {
      "index": 19,
      "url": "https://uhsacontentprod.blob.core.windows.net/unithistorythumbnails/c82c67af-90bd-f011-bbd3-002248084b93/IMG_3214.jpeg?sv=2025-01-05&st=2026-01-21T03%3A57%3A07Z&se=2026-01-21T04%3A12%3A07Z&sr=c&sp=racwdxltfi&rsct=image%2Fjpeg&sig=O9JjvAUmd2kfPh35gt5zcV2lz6wUvzQ4iRC6J8uK3Sg%3D",
      "file": "unit-history/events/Fall gathering - Oct 18, 2025/019.jpeg",
      "downloaded": true
    }
  ]
}