{
  "final_url": "https://unithistory.churchofjesuschrist.org/admin/view/f86370f3-94bd-f011-bbd3-6045bd030b91?page=home_page",
  "title": "Special Needs Prom - service project",
  "date_text": "Nov 6, 2025",
  "folder": "unit-history/events/Special Needs Prom - service project - Nov 6, 2025",
  "image_count_found": 49,
  "images": [
    {
      "index": 1,
      "url": "https://uhsacontentprod.blob.core.windows.net/unithistorythumbnails/f86370f3-94bd-f011-bbd3-6045bd030b91/IMG_1528.jpeg?sv=2025-01-05&st=2026-01-21T03%3A56%3A34Z&se=2026-01-21T04%3A11%3A34Z&sr=c&sp=racwdxltfi&rsct=image%2Fjpeg&sig=lXwxbTu5K8QEa4I63Nzz7s0maQW%2BnLFEl%2FmQgbzupTo%3D",
      "file": "unit-history/events/Special Needs Prom - service project - Nov 6, 2025/001.jpeg",
      "downloaded": true
    },
    {
      "index": 2,
      "url": "https://uhsacontentprod.blob.core.windows.net/unithistorythumbnails/f86370f3-94bd-f011-bbd3-6045bd030b91/IMG_1529.jpeg?sv=2025-01-05&st=2026-01-21T03%3A56%3A34Z&se=2026-01-21T04%3A11%3A34Z&sr=c&sp=racwdxltfi&rsct=image%2Fjpeg&sig=lXwxbTu5K8QEa4I63Nzz7s0maQW%2BnLFEl%2FmQgbzupTo%3D",
      "file": "unit-history/events/Special Needs Prom - service project - Nov 6, 2025/002.jpeg",
      "downloaded": true
    },
    {
      "index": 3,
      "url": "https://uhsacontentprod.blob.core.windows.net/unithistorythumbnails/f86370f3-94bd-f011-bbd3-6045bd030b91/IMG_1530.jpeg?sv=2025-01-05&st=2026-01-21T03%3A56%3A34Z&se=2026-01-21T04%3A11%3A34Z&sr=c&sp=racwdxltfi&rsct=image%2Fjpeg&sig=lXwxbTu5K8QEa4I63Nzz7s0maQW%2BnLFEl%2FmQgbzupTo%3D",
      "file": "unit-history/events/Special Needs Prom - service project - Nov 6, 2025/003.jpeg",
      "downloaded": true
    },
    {
      "index": 4,
      "url": "https://uhsacontentprod.blob.core.windows.net/unithistorythumbnails/f86370f3-94bd-f011-bbd3-6045bd030b91/IMG_1531.jpeg?sv=2025-01-05&st=2026-01-21T03%3A56%3A34Z&se=2026-01-21T04%3A11%3A34Z&sr=c&sp=racwdxltfi&rsct=image%2Fjpeg&sig=lXwxbTu5K8QEa4I63Nzz7s0maQW%2BnLFEl%2FmQgbzupTo%3D",
      "file": "unit-history/events/Special Needs Prom - service project - Nov 6, 2025/004.jpeg",
      "downloaded": true
    },
    {
      "index": 5,
      "url": "https://uhsacontentprod.blob.core.windows.net/unithistorythumbnails/f86370f3-94bd-f011-bbd3-6045bd030b91/IMG_1532.jpeg?sv=2025-01-05&st=2026-01-21T03%3A56%3A34Z&se=2026-01-21T04%3A11%3A34Z&sr=c&sp=racwdxltfi&rsct=image%2Fjpeg&sig=lXwxbTu5K8QEa4I63Nzz7s0maQW%2BnLFEl%2FmQgbzupTo%3D",
      "file": "unit-history/events/Special Needs Prom - service project - Nov 6, 2025/005.jpeg",
      "downloaded": true
    },
    {
      "index": 6,
      "url": "https://uhsacontentprod.blob.core.windows.net/unithistorythumbnails/f86370f3-94bd-f011-bbd3-6045bd030b91/IMG_3433.jpeg?sv=2025-01-05&st=2026-01-21T03%3A56%3A34Z&se=2026-01-21T04%3A11%3A34Z&sr=c&sp=racwdxltfi&rsct=image%2Fjpeg&sig=lXwxbTu5K8QEa4I63Nzz7s0maQW%2BnLFEl%2FmQgbzupTo%3D",
      "file": "unit-history/events/Special Needs Prom - service project - Nov 6, 2025/006.jpeg",
      "downloaded": true
    },
    {
      "index": 7,
      "url": "https://uhsacontentprod.blob.core.windows.net/unithistorythumbnails/f86370f3-94bd-f011-bbd3-6045bd030b91/IMG_3434.jpeg?sv=2025-01-05&st=2026-01-21T03%3A56%3A34Z&se=2026-01-21T04%3A11%3A34Z&sr=c&sp=racwdxltfi&rsct=image%2Fjpeg&sig=lXwxbTu5K8QEa4I63Nzz7s0maQW%2BnLFEl%2FmQgbzupTo%3D",
      "file": "unit-history/events/Special Needs Prom - service project - Nov 6, 2025/007.jpeg",
      "downloaded": true
    },
    {
      "index": 8,
      "url": "https://uhsacontentprod.blob.core.windows.net/unithistorythumbnails/f86370f3-94bd-f011-bbd3-6045bd030b91/IMG_3437.jpeg?sv=2025-01-05&st=2026-01-21T03%3A56%3A34Z&se=2026-01-21T04%3A11%3A34Z&sr=c&sp=racwdxltfi&rsct=image%2Fjpeg&sig=lXwxbTu5K8QEa4I63Nzz7s0maQW%2BnLFEl%2FmQgbzupTo%3D",
      "file": "unit-history/events/Special Needs Prom - service project - Nov 6, 2025/008.jpeg",
      "downloaded": true
    },
    {
      "index": 9,
      "url": "https://uhsacontentprod.blob.core.windows.net/unithistorythumbnails/f86370f3-94bd-f011-bbd3-6045bd030b91/IMG_3438.jpeg?sv=2025-01-05&st=2026-01-21T03%3A56%3A34Z&se=2026-01-21T04%3A11%3A34Z&sr=c&sp=racwdxltfi&rsct=image%2Fjpeg&sig=lXwxbTu5K8QEa4I63Nzz7s0maQW%2BnLFEl%2FmQgbzupTo%3D",
      "file": "unit-history/events/Special Needs Prom - service project - Nov 6, 2025/009.jpeg",
      "downloaded": true
    },
    {
      "index": 10,
      "url": "https://uhsacontentprod.blob.core.windows.net/unithistorythumbnails/f86370f3-94bd-f011-bbd3-6045bd030b91/IMG_3439.jpeg?sv=2025-01-05&st=2026-01-21T03%3A56%3A34Z&se=2026-01-21T04%3A11%3A34Z&sr=c&sp=racwdxltfi&rsct=image%2Fjpeg&sig=lXwxbTu5K8QEa4I63Nzz7s0maQW%2BnLFEl%2FmQgbzupTo%3D",
      "file": "unit-history/events/Special Needs Prom - service project - Nov 6, 2025/010.jpeg",
      "downloaded": true
    },
    {
      "index": 11,
      "url": "https://uhsacontentprod.blob.core.windows.net/unithistorythumbnails/f86370f3-94bd-f011-bbd3-6045bd030b91/IMG_3440.jpeg?sv=2025-01-05&st=2026-01-21T03%3A56%3A34Z&se=2026-01-21T04%3A11%3A34Z&sr=c&sp=racwdxltfi&rsct=image%2Fjpeg&sig=lXwxbTu5K8QEa4I63Nzz7s0maQW%2BnLFEl%2FmQgbzupTo%3D",
      "file": "unit-history/events/Special Needs Prom - service project - Nov 6, 2025/011.jpeg",
      "downloaded": true
    },
    {
      "index": 12,
      "url": "https://uhsacontentprod.blob.core.windows.net/unithistorythumbnails/f86370f3-94bd-f011-bbd3-6045bd030b91/IMG_3441.jpeg?sv=2025-01-05&st=2026-01-21T03%3A56%3A34Z&se=2026-01-21T04%3A11%3A34Z&sr=c&sp=racwdxltfi&rsct=image%2Fjpeg&sig=lXwxbTu5K8QEa4I63Nzz7s0maQW%2BnLFEl%2FmQgbzupTo%3D",
      "file": "unit-history/events/Special Needs Prom - service project - Nov 6, 2025/012.jpeg",
      "downloaded": true
    },
    {
      "index": 13,
      "url": "https://uhsacontentprod.blob.core.windows.net/unithistorythumbnails/f86370f3-94bd-f011-bbd3-6045bd030b91/IMG_3442.jpeg?sv=2025-01-05&st=2026-01-21T03%3A56%3A34Z&se=2026-01-21T04%3A11%3A34Z&sr=c&sp=racwdxltfi&rsct=image%2Fjpeg&sig=lXwxbTu5K8QEa4I63Nzz7s0maQW%2BnLFEl%2FmQgbzupTo%3D",
      "file": "unit-history/events/Special Needs Prom - service project - Nov 6, 2025/013.jpeg",
      "downloaded": true
    },
    {
      "index": 14,
      "url": "https://uhsacontentprod.blob.core.windows.net/unithistorythumbnails/f86370f3-94bd-f011-bbd3-6045bd030b91/IMG_3443.jpeg?sv=2025-01-05&st=2026-01-21T03%3A56%3A34Z&se=2026-01-21T04%3A11%3A34Z&sr=c&sp=racwdxltfi&rsct=image%2Fjpeg&sig=lXwxbTu5K8QEa4I63Nzz7s0maQW%2BnLFEl%2FmQgbzupTo%3D",
      "file": "unit-history/events/Special Needs Prom - service project - Nov 6, 2025/014.jpeg",
      "downloaded": true
    },
    {
      "index": 15,
      "url": "https://uhsacontentprod.blob.core.windows.net/unithistorythumbnails/f86370f3-94bd-f011-bbd3-6045bd030b91/IMG_3444.jpeg?sv=2025-01-05&st=2026-01-21T03%3A56%3A34Z&se=2026-01-21T04%3A11%3A34Z&sr=c&sp=racwdxltfi&rsct=image%2Fjpeg&sig=lXwxbTu5K8QEa4I63Nzz7s0maQW%2BnLFEl%2FmQgbzupTo%3D",
      "file": "unit-history/events/Special Needs Prom - service project - Nov 6, 2025/015.jpeg",
      "downloaded": true
    },
    {
      "index": 16,
      "url": "https://uhsacontentprod.blob.core.windows.net/unithistorythumbnails/f86370f3-94bd-f011-bbd3-6045bd030b91/IMG_3445.jpeg?sv=2025-01-05&st=2026-01-21T03%3A56%3A34Z&se=2026-01-21T04%3A11%3A34Z&sr=c&sp=racwdxltfi&rsct=image%2Fjpeg&sig=lXwxbTu5K8QEa4I63Nzz7s0maQW%2BnLFEl%2FmQgbzupTo%3D",
      "file": "unit-history/events/Special Needs Prom - service project - Nov 6, 2025/016.jpeg",
      "downloaded": true
    },
    {
      "index": 17,
      "url": "https://uhsacontentprod.blob.core.windows.net/unithistorythumbnails/f86370f3-94bd-f011-bbd3-6045bd030b91/IMG_3446.jpeg?sv=2025-01-05&st=2026-01-21T03%3A56%3A34Z&se=2026-01-21T04%3A11%3A34Z&sr=c&sp=racwdxltfi&rsct=image%2Fjpeg&sig=lXwxbTu5K8QEa4I63Nzz7s0maQW%2BnLFEl%2FmQgbzupTo%3D",
      "file": "unit-history/events/Special Needs Prom - service project - Nov 6, 2025/017.jpeg",
      "downloaded": true
    },
    {
      "index": 18,
      "url": "https://uhsacontentprod.blob.core.windows.net/unithistorythumbnails/f86370f3-94bd-f011-bbd3-6045bd030b91/IMG_3447.jpeg?sv=2025-01-05&st=2026-01-21T03%3A56%3A34Z&se=2026-01-21T04%3A11%3A34Z&sr=c&sp=racwdxltfi&rsct=image%2Fjpeg&sig=lXwxbTu5K8QEa4I63Nzz7s0maQW%2BnLFEl%2FmQgbzupTo%3D",
      "file": "unit-history/events/Special Needs Prom - service project - Nov 6, 2025/018.jpeg",
      "downloaded": true
    },
    {
      "index": 19,
      "url": "https://uhsacontentprod.blob.core.windows.net/unithistorythumbnails/f86370f3-94bd-f011-bbd3-6045bd030b91/IMG_3449.jpeg?sv=2025-01-05&st=2026-01-21T03%3A56%3A34Z&se=2026-01-21T04%3A11%3A34Z&sr=c&sp=racwdxltfi&rsct=image%2Fjpeg&sig=lXwxbTu5K8QEa4I63Nzz7s0maQW%2BnLFEl%2FmQgbzupTo%3D",
      "file": "unit-history/events/Special Needs Prom - service project - Nov 6, 2025/019.jpeg",
      "downloaded": true
    },
    {
      "index": 20,
      "url": "https://uhsacontentprod.blob.core.windows.net/unithistorythumbnails/f86370f3-94bd-f011-bbd3-6045bd030b91/IMG_3450.jpeg?sv=2025-01-05&st=2026-01-21T03%3A56%3A34Z&se=2026-01-21T04%3A11%3A34Z&sr=c&sp=racwdxltfi&rsct=image%2Fjpeg&sig=lXwxbTu5K8QEa4I63Nzz7s0maQW%2BnLFEl%2FmQgbzupTo%3D",
      "file": "unit-history/events/Special Needs Prom - service project - Nov 6, 2025/020.jpeg",
      "downloaded": true
    },
    {
      "index": 21,
      "url": "https://uhsacontentprod.blob.core.windows.net/unithistorythumbnails/f86370f3-94bd-f011-bbd3-6045bd030b91/IMG_3451.jpeg?sv=2025-01-05&st=2026-01-21T03%3A56%3A34Z&se=2026-01-21T04%3A11%3A34Z&sr=c&sp=racwdxltfi&rsct=image%2Fjpeg&sig=lXwxbTu5K8QEa4I63Nzz7s0maQW%2BnLFEl%2FmQgbzupTo%3D",
      "file": "unit-history/events/Special Needs Prom - service project - Nov 6, 2025/021.jpeg",
      "downloaded": true
    },
    {
      "index": 22,
      "url": "https://uhsacontentprod.blob.core.windows.net/unithistorythumbnails/f86370f3-94bd-f011-bbd3-6045bd030b91/IMG_3453.jpeg?sv=2025-01-05&st=2026-01-21T03%3A56%3A34Z&se=2026-01-21T04%3A11%3A34Z&sr=c&sp=racwdxltfi&rsct=image%2Fjpeg&sig=lXwxbTu5K8QEa4I63Nzz7s0maQW%2BnLFEl%2FmQgbzupTo%3D",
      "file": "unit-history/events/Special Needs Prom - service project - Nov 6, 2025/022.jpeg",
      "downloaded": true
    },
    {
      "index": 23,
      "url": "https://uhsacontentprod.blob.core.windows.net/unithistorythumbnails/f86370f3-94bd-f011-bbd3-6045bd030b91/IMG_3454.jpeg?sv=2025-01-05&st=2026-01-21T03%3A56%3A34Z&se=2026-01-21T04%3A11%3A34Z&sr=c&sp=racwdxltfi&rsct=image%2Fjpeg&sig=lXwxbTu5K8QEa4I63Nzz7s0maQW%2BnLFEl%2FmQgbzupTo%3D",
      "file": "unit-history/events/Special Needs Prom - service project - Nov 6, 2025/023.jpeg",
      "downloaded": true
    },
    {
      "index": 24,
      "url": "https://uhsacontentprod.blob.core.windows.net/unithistorythumbnails/f86370f3-94bd-f011-bbd3-6045bd030b91/IMG_3455.jpeg?sv=2025-01-05&st=2026-01-21T03%3A56%3A34Z&se=2026-01-21T04%3A11%3A34Z&sr=c&sp=racwdxltfi&rsct=image%2Fjpeg&sig=lXwxbTu5K8QEa4I63Nzz7s0maQW%2BnLFEl%2FmQgbzupTo%3D",
      "file": "unit-history/events/Special Needs Prom - service project - Nov 6, 2025/024.jpeg",
      "downloaded": true
    },
    {
      "index": 25,
      "url": "https://uhsacontentprod.blob.core.windows.net/unithistorythumbnails/f86370f3-94bd-f011-bbd3-6045bd030b91/IMG_3456.jpeg?sv=2025-01-05&st=2026-01-21T03%3A56%3A34Z&se=2026-01-21T04%3A11%3A34Z&sr=c&sp=racwdxltfi&rsct=image%2Fjpeg&sig=lXwxbTu5K8QEa4I63Nzz7s0maQW%2BnLFEl%2FmQgbzupTo%3D",
      "file": "unit-history/events/Special Needs Prom - service project - Nov 6, 2025/025.jpeg",
      "downloaded": true
    },
    {
      "index": 26,
      "url": "https://uhsacontentprod.blob.core.windows.net/unithistorythumbnails/f86370f3-94bd-f011-bbd3-6045bd030b91/IMG_3457.jpeg?sv=2025-01-05&st=2026-01-21T03%3A56%3A34Z&se=2026-01-21T04%3A11%3A34Z&sr=c&sp=racwdxltfi&rsct=image%2Fjpeg&sig=lXwxbTu5K8QEa4I63Nzz7s0maQW%2BnLFEl%2FmQgbzupTo%3D",
      "file": "unit-history/events/Special Needs Prom - service project - Nov 6, 2025/026.jpeg",
      "downloaded": true
    },
    {
      "index": 27,
      "url": "https://uhsacontentprod.blob.core.windows.net/unithistorythumbnails/f86370f3-94bd-f011-bbd3-6045bd030b91/IMG_3458.jpeg?sv=2025-01-05&st=2026-01-21T03%3A56%3A34Z&se=2026-01-21T04%3A11%3A34Z&sr=c&sp=racwdxltfi&rsct=image%2Fjpeg&sig=lXwxbTu5K8QEa4I63Nzz7s0maQW%2BnLFEl%2FmQgbzupTo%3D",
      "file": "unit-history/events/Special Needs Prom - service project - Nov 6, 2025/027.jpeg",
      "downloaded": true
    },
    {
      "index": 28,
      "url": "https://uhsacontentprod.blob.core.windows.net/unithistorythumbnails/f86370f3-94bd-f011-bbd3-6045bd030b91/IMG_3460.jpeg?sv=2025-01-05&st=2026-01-21T03%3A56%3A34Z&se=2026-01-21T04%3A11%3A34Z&sr=c&sp=racwdxltfi&rsct=image%2Fjpeg&sig=lXwxbTu5K8QEa4I63Nzz7s0maQW%2BnLFEl%2FmQgbzupTo%3D",
      "file": "unit-history/events/Special Needs Prom - service project - Nov 6, 2025/028.jpeg",
      "downloaded": true
    },
    {
      "index": 29,
      "url": "https://uhsacontentprod.blob.core.windows.net/unithistorythumbnails/f86370f3-94bd-f011-bbd3-6045bd030b91/IMG_3461.jpeg?sv=2025-01-05&st=2026-01-21T03%3A56%3A34Z&se=2026-01-21T04%3A11%3A34Z&sr=c&sp=racwdxltfi&rsct=image%2Fjpeg&sig=lXwxbTu5K8QEa4I63Nzz7s0maQW%2BnLFEl%2FmQgbzupTo%3D",
      "file": "unit-history/events/Special Needs Prom - service project - Nov 6, 2025/029.jpeg",
      "downloaded": true
    },
    {
      "index": 30,
      "url": "https://uhsacontentprod.blob.core.windows.net/unithistorythumbnails/f86370f3-94bd-f011-bbd3-6045bd030b91/IMG_3462.jpeg?sv=2025-01-05&st=2026-01-21T03%3A56%3A34Z&se=2026-01-21T04%3A11%3A34Z&sr=c&sp=racwdxltfi&rsct=image%2Fjpeg&sig=lXwxbTu5K8QEa4I63Nzz7s0maQW%2BnLFEl%2FmQgbzupTo%3D",
      "file": "unit-history/events/Special Needs Prom - service project - Nov 6, 2025/030.jpeg",
      "downloaded": true
    },
    {
      "index": 31,
      "url": "https://uhsacontentprod.blob.core.windows.net/unithistorythumbnails/f86370f3-94bd-f011-bbd3-6045bd030b91/IMG_3463.jpeg?sv=2025-01-05&st=2026-01-21T03%3A56%3A34Z&se=2026-01-21T04%3A11%3A34Z&sr=c&sp=racwdxltfi&rsct=image%2Fjpeg&sig=lXwxbTu5K8QEa4I63Nzz7s0maQW%2BnLFEl%2FmQgbzupTo%3D",
      "file": "unit-history/events/Special Needs Prom - service project - Nov 6, 2025/031.jpeg",
      "downloaded": true
    },
    {
      "index": 32,
      "url": "https://uhsacontentprod.blob.core.windows.net/unithistorythumbnails/f86370f3-94bd-f011-bbd3-6045bd030b91/IMG_3464.jpeg?sv=2025-01-05&st=2026-01-21T03%3A56%3A34Z&se=2026-01-21T04%3A11%3A34Z&sr=c&sp=racwdxltfi&rsct=image%2Fjpeg&sig=lXwxbTu5K8QEa4I63Nzz7s0maQW%2BnLFEl%2FmQgbzupTo%3D",
      "file": "unit-history/events/Special Needs Prom - service project - Nov 6, 2025/032.jpeg",
      "downloaded": true
    },
    {
      "index": 33,
      "url": "https://uhsacontentprod.blob.core.windows.net/unithistorythumbnails/f86370f3-94bd-f011-bbd3-6045bd030b91/IMG_3465.jpeg?sv=2025-01-05&st=2026-01-21T03%3A56%3A34Z&se=2026-01-21T04%3A11%3A34Z&sr=c&sp=racwdxltfi&rsct=image%2Fjpeg&sig=lXwxbTu5K8QEa4I63Nzz7s0maQW%2BnLFEl%2FmQgbzupTo%3D",
      "file": "unit-history/events/Special Needs Prom - service project - Nov 6, 2025/033.jpeg",
      "downloaded": true
    },
    {
      "index": 34,
      "url": "https://uhsacontentprod.blob.core.windows.net/unithistorythumbnails/f86370f3-94bd-f011-bbd3-6045bd030b91/IMG_3466.jpeg?sv=2025-01-05&st=2026-01-21T03%3A56%3A34Z&se=2026-01-21T04%3A11%3A34Z&sr=c&sp=racwdxltfi&rsct=image%2Fjpeg&sig=lXwxbTu5K8QEa4I63Nzz7s0maQW%2BnLFEl%2FmQgbzupTo%3D",
      "file": "unit-history/events/Special Needs Prom - service project - Nov 6, 2025/034.jpeg",
      "downloaded": true
    },
    {
      "index": 35,
      "url": "https://uhsacontentprod.blob.core.windows.net/unithistorythumbnails/f86370f3-94bd-f011-bbd3-6045bd030b91/IMG_3467.jpeg?sv=2025-01-05&st=2026-01-21T03%3A56%3A34Z&se=2026-01-21T04%3A11%3A34Z&sr=c&sp=racwdxltfi&rsct=image%2Fjpeg&sig=lXwxbTu5K8QEa4I63Nzz7s0maQW%2BnLFEl%2FmQgbzupTo%3D",
      "file": "unit-history/events/Special Needs Prom - service project - Nov 6, 2025/035.jpeg",
      "downloaded": true
    },
    {
      "index": 36,
      "url": "https://uhsacontentprod.blob.core.windows.net/unithistorythumbnails/f86370f3-94bd-f011-bbd3-6045bd030b91/IMG_3468.jpeg?sv=2025-01-05&st=2026-01-21T03%3A56%3A34Z&se=2026-01-21T04%3A11%3A34Z&sr=c&sp=racwdxltfi&rsct=image%2Fjpeg&sig=lXwxbTu5K8QEa4I63Nzz7s0maQW%2BnLFEl%2FmQgbzupTo%3D",
      "file": "unit-history/events/Special Needs Prom - service project - Nov 6, 2025/036.jpeg",
      "downloaded": true
    },
    {
      "index": 37,
      "url": "https://uhsacontentprod.blob.core.windows.net/unithistorythumbnails/f86370f3-94bd-f011-bbd3-6045bd030b91/IMG_3469.jpeg?sv=2025-01-05&st=2026-01-21T03%3A56%3A34Z&se=2026-01-21T04%3A11%3A34Z&sr=c&sp=racwdxltfi&rsct=image%2Fjpeg&sig=lXwxbTu5K8QEa4I63Nzz7s0maQW%2BnLFEl%2FmQgbzupTo%3D",
      "file": "unit-history/events/Special Needs Prom - service project - Nov 6, 2025/037.jpeg",
      "downloaded": true
    },
    {
      "index": 38,
      "url": "https://uhsacontentprod.blob.core.windows.net/unithistorythumbnails/f86370f3-94bd-f011-bbd3-6045bd030b91/IMG_3470.jpeg?sv=2025-01-05&st=2026-01-21T03%3A56%3A34Z&se=2026-01-21T04%3A11%3A34Z&sr=c&sp=racwdxltfi&rsct=image%2Fjpeg&sig=lXwxbTu5K8QEa4I63Nzz7s0maQW%2BnLFEl%2FmQgbzupTo%3D",
      "file": "unit-history/events/Special Needs Prom - service project - Nov 6, 2025/038.jpeg",
      "downloaded": true
    },
    {
      "index": 39,
      "url": "https://uhsacontentprod.blob.core.windows.net/unithistorythumbnails/f86370f3-94bd-f011-bbd3-6045bd030b91/IMG_3471.jpeg?sv=2025-01-05&st=2026-01-21T03%3A56%3A34Z&se=2026-01-21T04%3A11%3A34Z&sr=c&sp=racwdxltfi&rsct=image%2Fjpeg&sig=lXwxbTu5K8QEa4I63Nzz7s0maQW%2BnLFEl%2FmQgbzupTo%3D",
      "file": "unit-history/events/Special Needs Prom - service project - Nov 6, 2025/039.jpeg",
      "downloaded": true
    },
    {
      "index": 40,
      "url": "https://uhsacontentprod.blob.core.windows.net/unithistorythumbnails/f86370f3-94bd-f011-bbd3-6045bd030b91/IMG_3472.jpeg?sv=2025-01-05&st=2026-01-21T03%3A56%3A34Z&se=2026-01-21T04%3A11%3A34Z&sr=c&sp=racwdxltfi&rsct=image%2Fjpeg&sig=lXwxbTu5K8QEa4I63Nzz7s0maQW%2BnLFEl%2FmQgbzupTo%3D",
      "file": "unit-history/events/Special Needs Prom - service project - Nov 6, 2025/040.jpeg",
      "downloaded": true
    },
    {
      "index": 41,
      "url": "https://uhsacontentprod.blob.core.windows.net/unithistorythumbnails/f86370f3-94bd-f011-bbd3-6045bd030b91/IMG_3473.jpeg?sv=2025-01-05&st=2026-01-21T03%3A56%3A34Z&se=2026-01-21T04%3A11%3A34Z&sr=c&sp=racwdxltfi&rsct=image%2Fjpeg&sig=lXwxbTu5K8QEa4I63Nzz7s0maQW%2BnLFEl%2FmQgbzupTo%3D",
      "file": "unit-history/events/Special Needs Prom - service project - Nov 6, 2025/041.jpeg",
      "downloaded": true
    },
    {
      "index": 42,
      "url": "https://uhsacontentprod.blob.core.windows.net/unithistorythumbnails/f86370f3-94bd-f011-bbd3-6045bd030b91/IMG_3474.jpeg?sv=2025-01-05&st=2026-01-21T03%3A56%3A34Z&se=2026-01-21T04%3A11%3A34Z&sr=c&sp=racwdxltfi&rsct=image%2Fjpeg&sig=lXwxbTu5K8QEa4I63Nzz7s0maQW%2BnLFEl%2FmQgbzupTo%3D",
      "file": "unit-history/events/Special Needs Prom - service project - Nov 6, 2025/042.jpeg",
      "downloaded": true
    },
    {
      "index": 43,
      "url": "https://uhsacontentprod.blob.core.windows.net/unithistorythumbnails/f86370f3-94bd-f011-bbd3-6045bd030b91/IMG_3477.jpeg?sv=2025-01-05&st=2026-01-21T03%3A56%3A34Z&se=2026-01-21T04%3A11%3A34Z&sr=c&sp=racwdxltfi&rsct=image%2Fjpeg&sig=lXwxbTu5K8QEa4I63Nzz7s0maQW%2BnLFEl%2FmQgbzupTo%3D",
      "file": "unit-history/events/Special Needs Prom - service project - Nov 6, 2025/043.jpeg",
      "downloaded": true
    },
    {
      "index": 44,
      "url": "https://uhsacontentprod.blob.core.windows.net/unithistorythumbnails/f86370f3-94bd-f011-bbd3-6045bd030b91/IMG_3478.jpeg?sv=2025-01-05&st=2026-01-21T03%3A56%3A34Z&se=2026-01-21T04%3A11%3A34Z&sr=c&sp=racwdxltfi&rsct=image%2Fjpeg&sig=lXwxbTu5K8QEa4I63Nzz7s0maQW%2BnLFEl%2FmQgbzupTo%3D",
      "file": "unit-history/events/Special Needs Prom - service project - Nov 6, 2025/044.jpeg",
      "downloaded": true
    },
    {
      "index": 45,
      "url": "https://uhsacontentprod.blob.core.windows.net/unithistorythumbnails/f86370f3-94bd-f011-bbd3-6045bd030b91/IMG_3479.jpeg?sv=2025-01-05&st=2026-01-21T03%3A56%3A34Z&se=2026-01-21T04%3A11%3A34Z&sr=c&sp=racwdxltfi&rsct=image%2Fjpeg&sig=lXwxbTu5K8QEa4I63Nzz7s0maQW%2BnLFEl%2FmQgbzupTo%3D",
      "file": "unit-history/events/Special Needs Prom - service project - Nov 6, 2025/045.jpeg",
      "downloaded": true
    },
    {
      "index": 46,
      "url": "https://uhsacontentprod.blob.core.windows.net/unithistorythumbnails/f86370f3-94bd-f011-bbd3-6045bd030b91/IMG_3480.jpeg?sv=2025-01-05&st=2026-01-21T03%3A56%3A34Z&se=2026-01-21T04%3A11%3A34Z&sr=c&sp=racwdxltfi&rsct=image%2Fjpeg&sig=lXwxbTu5K8QEa4I63Nzz7s0maQW%2BnLFEl%2FmQgbzupTo%3D",
      "file": "unit-history/events/Special Needs Prom - service project - Nov 6, 2025/046.jpeg",
      "downloaded": true
    },
    {
      "index": 47,
      "url": "https://uhsacontentprod.blob.core.windows.net/unithistorythumbnails/f86370f3-94bd-f011-bbd3-6045bd030b91/IMG_3481.jpeg?sv=2025-01-05&st=2026-01-21T03%3A56%3A34Z&se=2026-01-21T04%3A11%3A34Z&sr=c&sp=racwdxltfi&rsct=image%2Fjpeg&sig=lXwxbTu5K8QEa4I63Nzz7s0maQW%2BnLFEl%2FmQgbzupTo%3D",
      "file": "unit-history/events/Special Needs Prom - service project - Nov 6, 2025/047.jpeg",
      "downloaded": true
    },
    {
      "index": 48,
      "url": "https://uhsacontentprod.blob.core.windows.net/unithistorythumbnails/f86370f3-94bd-f011-bbd3-6045bd030b91/IMG_3482.jpeg?sv=2025-01-05&st=2026-01-21T03%3A56%3A34Z&se=2026-01-21T04%3A11%3A34Z&sr=c&sp=racwdxltfi&rsct=image%2Fjpeg&sig=lXwxbTu5K8QEa4I63Nzz7s0maQW%2BnLFEl%2FmQgbzupTo%3D",
      "file": "unit-history/events/Special Needs Prom - service project - Nov 6, 2025/048.jpeg",
      "downloaded": true
    },
    {
      "index": 49,
      "url": "https://uhsacontentprod.blob.core.windows.net/unithistorythumbnails/f86370f3-94bd-f011-bbd3-6045bd030b91/IMG_3484.jpeg?sv=2025-01-05&st=2026-01-21T03%3A56%3A34Z&se=2026-01-21T04%3A11%3A34Z&sr=c&sp=racwdxltfi&rsct=image%2Fjpeg&sig=lXwxbTu5K8QEa4I63Nzz7s0maQW%2BnLFEl%2FmQgbzupTo%3D",
      "file": "unit-history/events/Special Needs Prom - service project - Nov 6, 2025/049.jpeg",
      "downloaded": true
    }
  ]
}