{
  "final_url": "https://unithistory.churchofjesuschrist.org/admin/view/e01ced66-2bef-f011-8407-6045bd00c1c3?page=home_page",
  "title": "Special Needs Prom part 2",
  "date_text": "Nov 6, 2025",
  "folder": "unit-history/events/Special Needs Prom part 2 - Nov 6, 2025",
  "image_count_found": 61,
  "images": [
    {
      "index": 1,
      "url": "https://uhsacontentprod.blob.core.windows.net/unithistorythumbnails/e01ced66-2bef-f011-8407-6045bd00c1c3/20251106_182717.jpg?sv=2025-01-05&st=2026-01-21T03%3A51%3A47Z&se=2026-01-21T04%3A06%3A47Z&sr=c&sp=racwdxltfi&rsct=image%2Fjpeg&sig=lgipmdJTrcRrjg2jI%2BX3OAg7ukxC9aoguwqI39LOOKY%3D",
      "file": "unit-history/events/Special Needs Prom part 2 - Nov 6, 2025/001.jpg",
      "downloaded": true
    },
    {
      "index": 2,
      "url": "https://uhsacontentprod.blob.core.windows.net/unithistorythumbnails/e01ced66-2bef-f011-8407-6045bd00c1c3/20251106_182720.jpg?sv=2025-01-05&st=2026-01-21T03%3A51%3A47Z&se=2026-01-21T04%3A06%3A47Z&sr=c&sp=racwdxltfi&rsct=image%2Fjpeg&sig=lgipmdJTrcRrjg2jI%2BX3OAg7ukxC9aoguwqI39LOOKY%3D",
      "file": "unit-history/events/Special Needs Prom part 2 - Nov 6, 2025/002.jpg",
      "downloaded": true
    },
    {
      "index": 3,
      "url": "https://uhsacontentprod.blob.core.windows.net/unithistorythumbnails/e01ced66-2bef-f011-8407-6045bd00c1c3/20251106_182726.jpg?sv=2025-01-05&st=2026-01-21T03%3A51%3A47Z&se=2026-01-21T04%3A06%3A47Z&sr=c&sp=racwdxltfi&rsct=image%2Fjpeg&sig=lgipmdJTrcRrjg2jI%2BX3OAg7ukxC9aoguwqI39LOOKY%3D",
      "file": "unit-history/events/Special Needs Prom part 2 - Nov 6, 2025/003.jpg",
      "downloaded": true
    },
    {
      "index": 4,
      "url": "https://uhsacontentprod.blob.core.windows.net/unithistorythumbnails/e01ced66-2bef-f011-8407-6045bd00c1c3/20251106_182739.jpg?sv=2025-01-05&st=2026-01-21T03%3A51%3A47Z&se=2026-01-21T04%3A06%3A47Z&sr=c&sp=racwdxltfi&rsct=image%2Fjpeg&sig=lgipmdJTrcRrjg2jI%2BX3OAg7ukxC9aoguwqI39LOOKY%3D",
      "file": "unit-history/events/Special Needs Prom part 2 - Nov 6, 2025/004.jpg",
      "downloaded": true
    },
    {
      "index": 5,
      "url": "https://uhsacontentprod.blob.core.windows.net/unithistorythumbnails/e01ced66-2bef-f011-8407-6045bd00c1c3/20251106_182741.jpg?sv=2025-01-05&st=2026-01-21T03%3A51%3A47Z&se=2026-01-21T04%3A06%3A47Z&sr=c&sp=racwdxltfi&rsct=image%2Fjpeg&sig=lgipmdJTrcRrjg2jI%2BX3OAg7ukxC9aoguwqI39LOOKY%3D",
      "file": "unit-history/events/Special Needs Prom part 2 - Nov 6, 2025/005.jpg",
      "downloaded": true
    },
    {
      "index": 6,
      "url": "https://uhsacontentprod.blob.core.windows.net/unithistorythumbnails/e01ced66-2bef-f011-8407-6045bd00c1c3/20251106_182747.jpg?sv=2025-01-05&st=2026-01-21T03%3A51%3A47Z&se=2026-01-21T04%3A06%3A47Z&sr=c&sp=racwdxltfi&rsct=image%2Fjpeg&sig=lgipmdJTrcRrjg2jI%2BX3OAg7ukxC9aoguwqI39LOOKY%3D",
      "file": "unit-history/events/Special Needs Prom part 2 - Nov 6, 2025/006.jpg",
      "downloaded": true
    },
    {
      "index": 7,
      "url": "https://uhsacontentprod.blob.core.windows.net/unithistorythumbnails/e01ced66-2bef-f011-8407-6045bd00c1c3/20251106_182817.jpg?sv=2025-01-05&st=2026-01-21T03%3A51%3A47Z&se=2026-01-21T04%3A06%3A47Z&sr=c&sp=racwdxltfi&rsct=image%2Fjpeg&sig=lgipmdJTrcRrjg2jI%2BX3OAg7ukxC9aoguwqI39LOOKY%3D",
      "file": "unit-history/events/Special Needs Prom part 2 - Nov 6, 2025/007.jpg",
      "downloaded": true
    },
    {
      "index": 8,
      "url": "https://uhsacontentprod.blob.core.windows.net/unithistorythumbnails/e01ced66-2bef-f011-8407-6045bd00c1c3/20251106_182820.jpg?sv=2025-01-05&st=2026-01-21T03%3A51%3A47Z&se=2026-01-21T04%3A06%3A47Z&sr=c&sp=racwdxltfi&rsct=image%2Fjpeg&sig=lgipmdJTrcRrjg2jI%2BX3OAg7ukxC9aoguwqI39LOOKY%3D",
      "file": "unit-history/events/Special Needs Prom part 2 - Nov 6, 2025/008.jpg",
      "downloaded": true
    },
    {
      "index": 9,
      "url": "https://uhsacontentprod.blob.core.windows.net/unithistorythumbnails/e01ced66-2bef-f011-8407-6045bd00c1c3/20251106_182821.jpg?sv=2025-01-05&st=2026-01-21T03%3A51%3A47Z&se=2026-01-21T04%3A06%3A47Z&sr=c&sp=racwdxltfi&rsct=image%2Fjpeg&sig=lgipmdJTrcRrjg2jI%2BX3OAg7ukxC9aoguwqI39LOOKY%3D",
      "file": "unit-history/events/Special Needs Prom part 2 - Nov 6, 2025/009.jpg",
      "downloaded": true
    },
    {
      "index": 10,
      "url": "https://uhsacontentprod.blob.core.windows.net/unithistorythumbnails/e01ced66-2bef-f011-8407-6045bd00c1c3/20251106_182829.jpg?sv=2025-01-05&st=2026-01-21T03%3A51%3A47Z&se=2026-01-21T04%3A06%3A47Z&sr=c&sp=racwdxltfi&rsct=image%2Fjpeg&sig=lgipmdJTrcRrjg2jI%2BX3OAg7ukxC9aoguwqI39LOOKY%3D",
      "file": "unit-history/events/Special Needs Prom part 2 - Nov 6, 2025/010.jpg",
      "downloaded": true
    },
    {
      "index": 11,
      "url": "https://uhsacontentprod.blob.core.windows.net/unithistorythumbnails/e01ced66-2bef-f011-8407-6045bd00c1c3/20251106_182834.jpg?sv=2025-01-05&st=2026-01-21T03%3A51%3A47Z&se=2026-01-21T04%3A06%3A47Z&sr=c&sp=racwdxltfi&rsct=image%2Fjpeg&sig=lgipmdJTrcRrjg2jI%2BX3OAg7ukxC9aoguwqI39LOOKY%3D",
      "file": "unit-history/events/Special Needs Prom part 2 - Nov 6, 2025/011.jpg",
      "downloaded": true
    },
    {
      "index": 12,
      "url": "https://uhsacontentprod.blob.core.windows.net/unithistorythumbnails/e01ced66-2bef-f011-8407-6045bd00c1c3/20251106_182855.jpg?sv=2025-01-05&st=2026-01-21T03%3A51%3A47Z&se=2026-01-21T04%3A06%3A47Z&sr=c&sp=racwdxltfi&rsct=image%2Fjpeg&sig=lgipmdJTrcRrjg2jI%2BX3OAg7ukxC9aoguwqI39LOOKY%3D",
      "file": "unit-history/events/Special Needs Prom part 2 - Nov 6, 2025/012.jpg",
      "downloaded": true
    },
    {
      "index": 13,
      "url": "https://uhsacontentprod.blob.core.windows.net/unithistorythumbnails/e01ced66-2bef-f011-8407-6045bd00c1c3/20251106_182858.jpg?sv=2025-01-05&st=2026-01-21T03%3A51%3A47Z&se=2026-01-21T04%3A06%3A47Z&sr=c&sp=racwdxltfi&rsct=image%2Fjpeg&sig=lgipmdJTrcRrjg2jI%2BX3OAg7ukxC9aoguwqI39LOOKY%3D",
      "file": "unit-history/events/Special Needs Prom part 2 - Nov 6, 2025/013.jpg",
      "downloaded": true
    },
    {
      "index": 14,
      "url": "https://uhsacontentprod.blob.core.windows.net/unithistorythumbnails/e01ced66-2bef-f011-8407-6045bd00c1c3/20251106_182859.jpg?sv=2025-01-05&st=2026-01-21T03%3A51%3A47Z&se=2026-01-21T04%3A06%3A47Z&sr=c&sp=racwdxltfi&rsct=image%2Fjpeg&sig=lgipmdJTrcRrjg2jI%2BX3OAg7ukxC9aoguwqI39LOOKY%3D",
      "file": "unit-history/events/Special Needs Prom part 2 - Nov 6, 2025/014.jpg",
      "downloaded": true
    },
    {
      "index": 15,
      "url": "https://uhsacontentprod.blob.core.windows.net/unithistorythumbnails/e01ced66-2bef-f011-8407-6045bd00c1c3/20251106_182901.jpg?sv=2025-01-05&st=2026-01-21T03%3A51%3A47Z&se=2026-01-21T04%3A06%3A47Z&sr=c&sp=racwdxltfi&rsct=image%2Fjpeg&sig=lgipmdJTrcRrjg2jI%2BX3OAg7ukxC9aoguwqI39LOOKY%3D",
      "file": "unit-history/events/Special Needs Prom part 2 - Nov 6, 2025/015.jpg",
      "downloaded": true
    },
    {
      "index": 16,
      "url": "https://uhsacontentprod.blob.core.windows.net/unithistorythumbnails/e01ced66-2bef-f011-8407-6045bd00c1c3/20251106_182904.jpg?sv=2025-01-05&st=2026-01-21T03%3A51%3A47Z&se=2026-01-21T04%3A06%3A47Z&sr=c&sp=racwdxltfi&rsct=image%2Fjpeg&sig=lgipmdJTrcRrjg2jI%2BX3OAg7ukxC9aoguwqI39LOOKY%3D",
      "file": "unit-history/events/Special Needs Prom part 2 - Nov 6, 2025/016.jpg",
      "downloaded": true
    },
    {
      "index": 17,
      "url": "https://uhsacontentprod.blob.core.windows.net/unithistorythumbnails/e01ced66-2bef-f011-8407-6045bd00c1c3/20251106_182915.jpg?sv=2025-01-05&st=2026-01-21T03%3A51%3A47Z&se=2026-01-21T04%3A06%3A47Z&sr=c&sp=racwdxltfi&rsct=image%2Fjpeg&sig=lgipmdJTrcRrjg2jI%2BX3OAg7ukxC9aoguwqI39LOOKY%3D",
      "file": "unit-history/events/Special Needs Prom part 2 - Nov 6, 2025/017.jpg",
      "downloaded": true
    },
    {
      "index": 18,
      "url": "https://uhsacontentprod.blob.core.windows.net/unithistorythumbnails/e01ced66-2bef-f011-8407-6045bd00c1c3/20251106_182917.jpg?sv=2025-01-05&st=2026-01-21T03%3A51%3A47Z&se=2026-01-21T04%3A06%3A47Z&sr=c&sp=racwdxltfi&rsct=image%2Fjpeg&sig=lgipmdJTrcRrjg2jI%2BX3OAg7ukxC9aoguwqI39LOOKY%3D",
      "file": "unit-history/events/Special Needs Prom part 2 - Nov 6, 2025/018.jpg",
      "downloaded": true
    },
    {
      "index": 19,
      "url": "https://uhsacontentprod.blob.core.windows.net/unithistorythumbnails/e01ced66-2bef-f011-8407-6045bd00c1c3/20251106_182924.jpg?sv=2025-01-05&st=2026-01-21T03%3A51%3A47Z&se=2026-01-21T04%3A06%3A47Z&sr=c&sp=racwdxltfi&rsct=image%2Fjpeg&sig=lgipmdJTrcRrjg2jI%2BX3OAg7ukxC9aoguwqI39LOOKY%3D",
      "file": "unit-history/events/Special Needs Prom part 2 - Nov 6, 2025/019.jpg",
      "downloaded": true
    },
    {
      "index": 20,
      "url": "https://uhsacontentprod.blob.core.windows.net/unithistorythumbnails/e01ced66-2bef-f011-8407-6045bd00c1c3/20251106_183124.jpg?sv=2025-01-05&st=2026-01-21T03%3A51%3A47Z&se=2026-01-21T04%3A06%3A47Z&sr=c&sp=racwdxltfi&rsct=image%2Fjpeg&sig=lgipmdJTrcRrjg2jI%2BX3OAg7ukxC9aoguwqI39LOOKY%3D",
      "file": "unit-history/events/Special Needs Prom part 2 - Nov 6, 2025/020.jpg",
      "downloaded": true
    },
    {
      "index": 21,
      "url": "https://uhsacontentprod.blob.core.windows.net/unithistorythumbnails/e01ced66-2bef-f011-8407-6045bd00c1c3/20251106_183218.jpg?sv=2025-01-05&st=2026-01-21T03%3A51%3A47Z&se=2026-01-21T04%3A06%3A47Z&sr=c&sp=racwdxltfi&rsct=image%2Fjpeg&sig=lgipmdJTrcRrjg2jI%2BX3OAg7ukxC9aoguwqI39LOOKY%3D",
      "file": "unit-history/events/Special Needs Prom part 2 - Nov 6, 2025/021.jpg",
      "downloaded": true
    },
    {
      "index": 22,
      "url": "https://uhsacontentprod.blob.core.windows.net/unithistorythumbnails/e01ced66-2bef-f011-8407-6045bd00c1c3/20251106_183222.jpg?sv=2025-01-05&st=2026-01-21T03%3A51%3A47Z&se=2026-01-21T04%3A06%3A47Z&sr=c&sp=racwdxltfi&rsct=image%2Fjpeg&sig=lgipmdJTrcRrjg2jI%2BX3OAg7ukxC9aoguwqI39LOOKY%3D",
      "file": "unit-history/events/Special Needs Prom part 2 - Nov 6, 2025/022.jpg",
      "downloaded": true
    },
    {
      "index": 23,
      "url": "https://uhsacontentprod.blob.core.windows.net/unithistorythumbnails/e01ced66-2bef-f011-8407-6045bd00c1c3/20251106_183237.jpg?sv=2025-01-05&st=2026-01-21T03%3A51%3A47Z&se=2026-01-21T04%3A06%3A47Z&sr=c&sp=racwdxltfi&rsct=image%2Fjpeg&sig=lgipmdJTrcRrjg2jI%2BX3OAg7ukxC9aoguwqI39LOOKY%3D",
      "file": "unit-history/events/Special Needs Prom part 2 - Nov 6, 2025/023.jpg",
      "downloaded": true
    },
    {
      "index": 24,
      "url": "https://uhsacontentprod.blob.core.windows.net/unithistorythumbnails/e01ced66-2bef-f011-8407-6045bd00c1c3/20251106_183248.jpg?sv=2025-01-05&st=2026-01-21T03%3A51%3A47Z&se=2026-01-21T04%3A06%3A47Z&sr=c&sp=racwdxltfi&rsct=image%2Fjpeg&sig=lgipmdJTrcRrjg2jI%2BX3OAg7ukxC9aoguwqI39LOOKY%3D",
      "file": "unit-history/events/Special Needs Prom part 2 - Nov 6, 2025/024.jpg",
      "downloaded": true
    },
    {
      "index": 25,
      "url": "https://uhsacontentprod.blob.core.windows.net/unithistorythumbnails/e01ced66-2bef-f011-8407-6045bd00c1c3/20251106_183404.jpg?sv=2025-01-05&st=2026-01-21T03%3A51%3A47Z&se=2026-01-21T04%3A06%3A47Z&sr=c&sp=racwdxltfi&rsct=image%2Fjpeg&sig=lgipmdJTrcRrjg2jI%2BX3OAg7ukxC9aoguwqI39LOOKY%3D",
      "file": "unit-history/events/Special Needs Prom part 2 - Nov 6, 2025/025.jpg",
      "downloaded": true
    },
    {
      "index": 26,
      "url": "https://uhsacontentprod.blob.core.windows.net/unithistorythumbnails/e01ced66-2bef-f011-8407-6045bd00c1c3/20251106_183407.jpg?sv=2025-01-05&st=2026-01-21T03%3A51%3A47Z&se=2026-01-21T04%3A06%3A47Z&sr=c&sp=racwdxltfi&rsct=image%2Fjpeg&sig=lgipmdJTrcRrjg2jI%2BX3OAg7ukxC9aoguwqI39LOOKY%3D",
      "file": "unit-history/events/Special Needs Prom part 2 - Nov 6, 2025/026.jpg",
      "downloaded": true
    },
    {
      "index": 27,
      "url": "https://uhsacontentprod.blob.core.windows.net/unithistorythumbnails/e01ced66-2bef-f011-8407-6045bd00c1c3/20251106_183821.jpg?sv=2025-01-05&st=2026-01-21T03%3A51%3A47Z&se=2026-01-21T04%3A06%3A47Z&sr=c&sp=racwdxltfi&rsct=image%2Fjpeg&sig=lgipmdJTrcRrjg2jI%2BX3OAg7ukxC9aoguwqI39LOOKY%3D",
      "file": "unit-history/events/Special Needs Prom part 2 - Nov 6, 2025/027.jpg",
      "downloaded": true
    },
    {
      "index": 28,
      "url": "https://uhsacontentprod.blob.core.windows.net/unithistorythumbnails/e01ced66-2bef-f011-8407-6045bd00c1c3/20251106_183825.jpg?sv=2025-01-05&st=2026-01-21T03%3A51%3A47Z&se=2026-01-21T04%3A06%3A47Z&sr=c&sp=racwdxltfi&rsct=image%2Fjpeg&sig=lgipmdJTrcRrjg2jI%2BX3OAg7ukxC9aoguwqI39LOOKY%3D",
      "file": "unit-history/events/Special Needs Prom part 2 - Nov 6, 2025/028.jpg",
      "downloaded": true
    },
    {
      "index": 29,
      "url": "https://uhsacontentprod.blob.core.windows.net/unithistorythumbnails/e01ced66-2bef-f011-8407-6045bd00c1c3/20251106_183858.jpg?sv=2025-01-05&st=2026-01-21T03%3A51%3A47Z&se=2026-01-21T04%3A06%3A47Z&sr=c&sp=racwdxltfi&rsct=image%2Fjpeg&sig=lgipmdJTrcRrjg2jI%2BX3OAg7ukxC9aoguwqI39LOOKY%3D",
      "file": "unit-history/events/Special Needs Prom part 2 - Nov 6, 2025/029.jpg",
      "downloaded": true
    },
    {
      "index": 30,
      "url": "https://uhsacontentprod.blob.core.windows.net/unithistorythumbnails/e01ced66-2bef-f011-8407-6045bd00c1c3/20251106_183859.jpg?sv=2025-01-05&st=2026-01-21T03%3A51%3A47Z&se=2026-01-21T04%3A06%3A47Z&sr=c&sp=racwdxltfi&rsct=image%2Fjpeg&sig=lgipmdJTrcRrjg2jI%2BX3OAg7ukxC9aoguwqI39LOOKY%3D",
      "file": "unit-history/events/Special Needs Prom part 2 - Nov 6, 2025/030.jpg",
      "downloaded": true
    },
    {
      "index": 31,
      "url": "https://uhsacontentprod.blob.core.windows.net/unithistorythumbnails/e01ced66-2bef-f011-8407-6045bd00c1c3/20251106_191008.jpg?sv=2025-01-05&st=2026-01-21T03%3A51%3A47Z&se=2026-01-21T04%3A06%3A47Z&sr=c&sp=racwdxltfi&rsct=image%2Fjpeg&sig=lgipmdJTrcRrjg2jI%2BX3OAg7ukxC9aoguwqI39LOOKY%3D",
      "file": "unit-history/events/Special Needs Prom part 2 - Nov 6, 2025/031.jpg",
      "downloaded": true
    },
    {
      "index": 32,
      "url": "https://uhsacontentprod.blob.core.windows.net/unithistorythumbnails/e01ced66-2bef-f011-8407-6045bd00c1c3/20251106_191011.jpg?sv=2025-01-05&st=2026-01-21T03%3A51%3A47Z&se=2026-01-21T04%3A06%3A47Z&sr=c&sp=racwdxltfi&rsct=image%2Fjpeg&sig=lgipmdJTrcRrjg2jI%2BX3OAg7ukxC9aoguwqI39LOOKY%3D",
      "file": "unit-history/events/Special Needs Prom part 2 - Nov 6, 2025/032.jpg",
      "downloaded": true
    },
    {
      "index": 33,
      "url": "https://uhsacontentprod.blob.core.windows.net/unithistorythumbnails/e01ced66-2bef-f011-8407-6045bd00c1c3/20251106_191013.jpg?sv=2025-01-05&st=2026-01-21T03%3A51%3A47Z&se=2026-01-21T04%3A06%3A47Z&sr=c&sp=racwdxltfi&rsct=image%2Fjpeg&sig=lgipmdJTrcRrjg2jI%2BX3OAg7ukxC9aoguwqI39LOOKY%3D",
      "file": "unit-history/events/Special Needs Prom part 2 - Nov 6, 2025/033.jpg",
      "downloaded": true
    },
    {
      "index": 34,
      "url": "https://uhsacontentprod.blob.core.windows.net/unithistorythumbnails/e01ced66-2bef-f011-8407-6045bd00c1c3/20251106_191016.jpg?sv=2025-01-05&st=2026-01-21T03%3A51%3A47Z&se=2026-01-21T04%3A06%3A47Z&sr=c&sp=racwdxltfi&rsct=image%2Fjpeg&sig=lgipmdJTrcRrjg2jI%2BX3OAg7ukxC9aoguwqI39LOOKY%3D",
      "file": "unit-history/events/Special Needs Prom part 2 - Nov 6, 2025/034.jpg",
      "downloaded": true
    },
    {
      "index": 35,
      "url": "https://uhsacontentprod.blob.core.windows.net/unithistorythumbnails/e01ced66-2bef-f011-8407-6045bd00c1c3/20251106_191019.jpg?sv=2025-01-05&st=2026-01-21T03%3A51%3A47Z&se=2026-01-21T04%3A06%3A47Z&sr=c&sp=racwdxltfi&rsct=image%2Fjpeg&sig=lgipmdJTrcRrjg2jI%2BX3OAg7ukxC9aoguwqI39LOOKY%3D",
      "file": "unit-history/events/Special Needs Prom part 2 - Nov 6, 2025/035.jpg",
      "downloaded": true
    },
    {
      "index": 36,
      "url": "https://uhsacontentprod.blob.core.windows.net/unithistorythumbnails/e01ced66-2bef-f011-8407-6045bd00c1c3/20251106_191021.jpg?sv=2025-01-05&st=2026-01-21T03%3A51%3A47Z&se=2026-01-21T04%3A06%3A47Z&sr=c&sp=racwdxltfi&rsct=image%2Fjpeg&sig=lgipmdJTrcRrjg2jI%2BX3OAg7ukxC9aoguwqI39LOOKY%3D",
      "file": "unit-history/events/Special Needs Prom part 2 - Nov 6, 2025/036.jpg",
      "downloaded": true
    },
    {
      "index": 37,
      "url": "https://uhsacontentprod.blob.core.windows.net/unithistorythumbnails/e01ced66-2bef-f011-8407-6045bd00c1c3/20251106_191024.jpg?sv=2025-01-05&st=2026-01-21T03%3A51%3A47Z&se=2026-01-21T04%3A06%3A47Z&sr=c&sp=racwdxltfi&rsct=image%2Fjpeg&sig=lgipmdJTrcRrjg2jI%2BX3OAg7ukxC9aoguwqI39LOOKY%3D",
      "file": "unit-history/events/Special Needs Prom part 2 - Nov 6, 2025/037.jpg",
      "downloaded": true
    },
    {
      "index": 38,
      "url": "https://uhsacontentprod.blob.core.windows.net/unithistorythumbnails/e01ced66-2bef-f011-8407-6045bd00c1c3/20251106_191342.jpg?sv=2025-01-05&st=2026-01-21T03%3A51%3A47Z&se=2026-01-21T04%3A06%3A47Z&sr=c&sp=racwdxltfi&rsct=image%2Fjpeg&sig=lgipmdJTrcRrjg2jI%2BX3OAg7ukxC9aoguwqI39LOOKY%3D",
      "file": "unit-history/events/Special Needs Prom part 2 - Nov 6, 2025/038.jpg",
      "downloaded": true
    },
    {
      "index": 39,
      "url": "https://uhsacontentprod.blob.core.windows.net/unithistorythumbnails/e01ced66-2bef-f011-8407-6045bd00c1c3/20251106_195629.jpg?sv=2025-01-05&st=2026-01-21T03%3A51%3A47Z&se=2026-01-21T04%3A06%3A47Z&sr=c&sp=racwdxltfi&rsct=image%2Fjpeg&sig=lgipmdJTrcRrjg2jI%2BX3OAg7ukxC9aoguwqI39LOOKY%3D",
      "file": "unit-history/events/Special Needs Prom part 2 - Nov 6, 2025/039.jpg",
      "downloaded": true
    },
    {
      "index": 40,
      "url": "https://uhsacontentprod.blob.core.windows.net/unithistorythumbnails/e01ced66-2bef-f011-8407-6045bd00c1c3/20251106_201020.jpg?sv=2025-01-05&st=2026-01-21T03%3A51%3A47Z&se=2026-01-21T04%3A06%3A47Z&sr=c&sp=racwdxltfi&rsct=image%2Fjpeg&sig=lgipmdJTrcRrjg2jI%2BX3OAg7ukxC9aoguwqI39LOOKY%3D",
      "file": "unit-history/events/Special Needs Prom part 2 - Nov 6, 2025/040.jpg",
      "downloaded": true
    },
    {
      "index": 41,
      "url": "https://uhsacontentprod.blob.core.windows.net/unithistorythumbnails/e01ced66-2bef-f011-8407-6045bd00c1c3/20251106_201025.jpg?sv=2025-01-05&st=2026-01-21T03%3A51%3A47Z&se=2026-01-21T04%3A06%3A47Z&sr=c&sp=racwdxltfi&rsct=image%2Fjpeg&sig=lgipmdJTrcRrjg2jI%2BX3OAg7ukxC9aoguwqI39LOOKY%3D",
      "file": "unit-history/events/Special Needs Prom part 2 - Nov 6, 2025/041.jpg",
      "downloaded": true
    },
    {
      "index": 42,
      "url": "https://uhsacontentprod.blob.core.windows.net/unithistorythumbnails/e01ced66-2bef-f011-8407-6045bd00c1c3/20251106_201027.jpg?sv=2025-01-05&st=2026-01-21T03%3A51%3A47Z&se=2026-01-21T04%3A06%3A47Z&sr=c&sp=racwdxltfi&rsct=image%2Fjpeg&sig=lgipmdJTrcRrjg2jI%2BX3OAg7ukxC9aoguwqI39LOOKY%3D",
      "file": "unit-history/events/Special Needs Prom part 2 - Nov 6, 2025/042.jpg",
      "downloaded": true
    },
    {
      "index": 43,
      "url": "https://uhsacontentprod.blob.core.windows.net/unithistorythumbnails/e01ced66-2bef-f011-8407-6045bd00c1c3/20251106_201030.jpg?sv=2025-01-05&st=2026-01-21T03%3A51%3A47Z&se=2026-01-21T04%3A06%3A47Z&sr=c&sp=racwdxltfi&rsct=image%2Fjpeg&sig=lgipmdJTrcRrjg2jI%2BX3OAg7ukxC9aoguwqI39LOOKY%3D",
      "file": "unit-history/events/Special Needs Prom part 2 - Nov 6, 2025/043.jpg",
      "downloaded": true
    },
    {
      "index": 44,
      "url": "https://uhsacontentprod.blob.core.windows.net/unithistorythumbnails/e01ced66-2bef-f011-8407-6045bd00c1c3/20251106_201031.jpg?sv=2025-01-05&st=2026-01-21T03%3A51%3A47Z&se=2026-01-21T04%3A06%3A47Z&sr=c&sp=racwdxltfi&rsct=image%2Fjpeg&sig=lgipmdJTrcRrjg2jI%2BX3OAg7ukxC9aoguwqI39LOOKY%3D",
      "file": "unit-history/events/Special Needs Prom part 2 - Nov 6, 2025/044.jpg",
      "downloaded": true
    },
    {
      "index": 45,
      "url": "https://uhsacontentprod.blob.core.windows.net/unithistorythumbnails/e01ced66-2bef-f011-8407-6045bd00c1c3/20251106_201033.jpg?sv=2025-01-05&st=2026-01-21T03%3A51%3A47Z&se=2026-01-21T04%3A06%3A47Z&sr=c&sp=racwdxltfi&rsct=image%2Fjpeg&sig=lgipmdJTrcRrjg2jI%2BX3OAg7ukxC9aoguwqI39LOOKY%3D",
      "file": "unit-history/events/Special Needs Prom part 2 - Nov 6, 2025/045.jpg",
      "downloaded": true
    },
    {
      "index": 46,
      "url": "https://uhsacontentprod.blob.core.windows.net/unithistorythumbnails/e01ced66-2bef-f011-8407-6045bd00c1c3/20251106_201035.jpg?sv=2025-01-05&st=2026-01-21T03%3A51%3A47Z&se=2026-01-21T04%3A06%3A47Z&sr=c&sp=racwdxltfi&rsct=image%2Fjpeg&sig=lgipmdJTrcRrjg2jI%2BX3OAg7ukxC9aoguwqI39LOOKY%3D",
      "file": "unit-history/events/Special Needs Prom part 2 - Nov 6, 2025/046.jpg",
      "downloaded": true
    },
    {
      "index": 47,
      "url": "https://uhsacontentprod.blob.core.windows.net/unithistorythumbnails/e01ced66-2bef-f011-8407-6045bd00c1c3/20251106_201103.jpg?sv=2025-01-05&st=2026-01-21T03%3A51%3A47Z&se=2026-01-21T04%3A06%3A47Z&sr=c&sp=racwdxltfi&rsct=image%2Fjpeg&sig=lgipmdJTrcRrjg2jI%2BX3OAg7ukxC9aoguwqI39LOOKY%3D",
      "file": "unit-history/events/Special Needs Prom part 2 - Nov 6, 2025/047.jpg",
      "downloaded": true
    },
    {
      "index": 48,
      "url": "https://uhsacontentprod.blob.core.windows.net/unithistorythumbnails/e01ced66-2bef-f011-8407-6045bd00c1c3/20251106_201105.jpg?sv=2025-01-05&st=2026-01-21T03%3A51%3A47Z&se=2026-01-21T04%3A06%3A47Z&sr=c&sp=racwdxltfi&rsct=image%2Fjpeg&sig=lgipmdJTrcRrjg2jI%2BX3OAg7ukxC9aoguwqI39LOOKY%3D",
      "file": "unit-history/events/Special Needs Prom part 2 - Nov 6, 2025/048.jpg",
      "downloaded": true
    },
    {
      "index": 49,
      "url": "https://uhsacontentprod.blob.core.windows.net/unithistorythumbnails/e01ced66-2bef-f011-8407-6045bd00c1c3/20251106_201111.jpg?sv=2025-01-05&st=2026-01-21T03%3A51%3A47Z&se=2026-01-21T04%3A06%3A47Z&sr=c&sp=racwdxltfi&rsct=image%2Fjpeg&sig=lgipmdJTrcRrjg2jI%2BX3OAg7ukxC9aoguwqI39LOOKY%3D",
      "file": "unit-history/events/Special Needs Prom part 2 - Nov 6, 2025/049.jpg",
      "downloaded": true
    },
    {
      "index": 50,
      "url": "https://uhsacontentprod.blob.core.windows.net/unithistorythumbnails/e01ced66-2bef-f011-8407-6045bd00c1c3/20251106_201119.jpg?sv=2025-01-05&st=2026-01-21T03%3A51%3A47Z&se=2026-01-21T04%3A06%3A47Z&sr=c&sp=racwdxltfi&rsct=image%2Fjpeg&sig=lgipmdJTrcRrjg2jI%2BX3OAg7ukxC9aoguwqI39LOOKY%3D",
      "file": "unit-history/events/Special Needs Prom part 2 - Nov 6, 2025/050.jpg",
      "downloaded": true
    },
    {
      "index": 51,
      "url": "https://uhsacontentprod.blob.core.windows.net/unithistorythumbnails/e01ced66-2bef-f011-8407-6045bd00c1c3/20251106_201751.jpg?sv=2025-01-05&st=2026-01-21T03%3A51%3A47Z&se=2026-01-21T04%3A06%3A47Z&sr=c&sp=racwdxltfi&rsct=image%2Fjpeg&sig=lgipmdJTrcRrjg2jI%2BX3OAg7ukxC9aoguwqI39LOOKY%3D",
      "file": "unit-history/events/Special Needs Prom part 2 - Nov 6, 2025/051.jpg",
      "downloaded": true
    },
    {
      "index": 52,
      "url": "https://uhsacontentprod.blob.core.windows.net/unithistorythumbnails/e01ced66-2bef-f011-8407-6045bd00c1c3/20251106_201758.jpg?sv=2025-01-05&st=2026-01-21T03%3A51%3A47Z&se=2026-01-21T04%3A06%3A47Z&sr=c&sp=racwdxltfi&rsct=image%2Fjpeg&sig=lgipmdJTrcRrjg2jI%2BX3OAg7ukxC9aoguwqI39LOOKY%3D",
      "file": "unit-history/events/Special Needs Prom part 2 - Nov 6, 2025/052.jpg",
      "downloaded": true
    },
    {
      "index": 53,
      "url": "https://uhsacontentprod.blob.core.windows.net/unithistorythumbnails/e01ced66-2bef-f011-8407-6045bd00c1c3/20251106_201806.jpg?sv=2025-01-05&st=2026-01-21T03%3A51%3A47Z&se=2026-01-21T04%3A06%3A47Z&sr=c&sp=racwdxltfi&rsct=image%2Fjpeg&sig=lgipmdJTrcRrjg2jI%2BX3OAg7ukxC9aoguwqI39LOOKY%3D",
      "file": "unit-history/events/Special Needs Prom part 2 - Nov 6, 2025/053.jpg",
      "downloaded": true
    },
    {
      "index": 54,
      "url": "https://uhsacontentprod.blob.core.windows.net/unithistorythumbnails/e01ced66-2bef-f011-8407-6045bd00c1c3/20251106_201807.jpg?sv=2025-01-05&st=2026-01-21T03%3A51%3A47Z&se=2026-01-21T04%3A06%3A47Z&sr=c&sp=racwdxltfi&rsct=image%2Fjpeg&sig=lgipmdJTrcRrjg2jI%2BX3OAg7ukxC9aoguwqI39LOOKY%3D",
      "file": "unit-history/events/Special Needs Prom part 2 - Nov 6, 2025/054.jpg",
      "downloaded": true
    },
    {
      "index": 55,
      "url": "https://uhsacontentprod.blob.core.windows.net/unithistorythumbnails/e01ced66-2bef-f011-8407-6045bd00c1c3/20251106_201810.jpg?sv=2025-01-05&st=2026-01-21T03%3A51%3A47Z&se=2026-01-21T04%3A06%3A47Z&sr=c&sp=racwdxltfi&rsct=image%2Fjpeg&sig=lgipmdJTrcRrjg2jI%2BX3OAg7ukxC9aoguwqI39LOOKY%3D",
      "file": "unit-history/events/Special Needs Prom part 2 - Nov 6, 2025/055.jpg",
      "downloaded": true
    },
    {
      "index": 56,
      "url": "https://uhsacontentprod.blob.core.windows.net/unithistorythumbnails/e01ced66-2bef-f011-8407-6045bd00c1c3/20251106_201811.jpg?sv=2025-01-05&st=2026-01-21T03%3A51%3A47Z&se=2026-01-21T04%3A06%3A47Z&sr=c&sp=racwdxltfi&rsct=image%2Fjpeg&sig=lgipmdJTrcRrjg2jI%2BX3OAg7ukxC9aoguwqI39LOOKY%3D",
      "file": "unit-history/events/Special Needs Prom part 2 - Nov 6, 2025/056.jpg",
      "downloaded": true
    },
    {
      "index": 57,
      "url": "https://uhsacontentprod.blob.core.windows.net/unithistorythumbnails/e01ced66-2bef-f011-8407-6045bd00c1c3/20251106_201832.jpg?sv=2025-01-05&st=2026-01-21T03%3A51%3A47Z&se=2026-01-21T04%3A06%3A47Z&sr=c&sp=racwdxltfi&rsct=image%2Fjpeg&sig=lgipmdJTrcRrjg2jI%2BX3OAg7ukxC9aoguwqI39LOOKY%3D",
      "file": "unit-history/events/Special Needs Prom part 2 - Nov 6, 2025/057.jpg",
      "downloaded": true
    },
    {
      "index": 58,
      "url": "https://uhsacontentprod.blob.core.windows.net/unithistorythumbnails/e01ced66-2bef-f011-8407-6045bd00c1c3/20251106_201834.jpg?sv=2025-01-05&st=2026-01-21T03%3A51%3A47Z&se=2026-01-21T04%3A06%3A47Z&sr=c&sp=racwdxltfi&rsct=image%2Fjpeg&sig=lgipmdJTrcRrjg2jI%2BX3OAg7ukxC9aoguwqI39LOOKY%3D",
      "file": "unit-history/events/Special Needs Prom part 2 - Nov 6, 2025/058.jpg",
      "downloaded": true
    },
    {
      "index": 59,
      "url": "https://uhsacontentprod.blob.core.windows.net/unithistorythumbnails/e01ced66-2bef-f011-8407-6045bd00c1c3/20251106_202758.jpg?sv=2025-01-05&st=2026-01-21T03%3A51%3A47Z&se=2026-01-21T04%3A06%3A47Z&sr=c&sp=racwdxltfi&rsct=image%2Fjpeg&sig=lgipmdJTrcRrjg2jI%2BX3OAg7ukxC9aoguwqI39LOOKY%3D",
      "file": "unit-history/events/Special Needs Prom part 2 - Nov 6, 2025/059.jpg",
      "downloaded": true
    },
    {
      "index": 60,
      "url": "https://uhsacontentprod.blob.core.windows.net/unithistorythumbnails/e01ced66-2bef-f011-8407-6045bd00c1c3/20251106_202800.jpg?sv=2025-01-05&st=2026-01-21T03%3A51%3A47Z&se=2026-01-21T04%3A06%3A47Z&sr=c&sp=racwdxltfi&rsct=image%2Fjpeg&sig=lgipmdJTrcRrjg2jI%2BX3OAg7ukxC9aoguwqI39LOOKY%3D",
      "file": "unit-history/events/Special Needs Prom part 2 - Nov 6, 2025/060.jpg",
      "downloaded": true
    },
    {
      "index": 61,
      "url": "https://uhsacontentprod.blob.core.windows.net/unithistorythumbnails/e01ced66-2bef-f011-8407-6045bd00c1c3/20251106_202802.jpg?sv=2025-01-05&st=2026-01-21T03%3A51%3A47Z&se=2026-01-21T04%3A06%3A47Z&sr=c&sp=racwdxltfi&rsct=image%2Fjpeg&sig=lgipmdJTrcRrjg2jI%2BX3OAg7ukxC9aoguwqI39LOOKY%3D",
      "file": "unit-history/events/Special Needs Prom part 2 - Nov 6, 2025/061.jpg",
      "downloaded": true
    }
  ]
}