{
  "final_url": "https://unithistory.churchofjesuschrist.org/admin/view/44f14923-30da-f011-8544-000d3a597022?page=home_page",
  "title": "FHE gingerbread house making",
  "date_text": "Dec 15, 2025",
  "folder": "unit-history/events/FHE gingerbread house making - Dec 15, 2025",
  "image_count_found": 33,
  "images": [
    {
      "index": 1,
      "url": "https://uhsacontentprod.blob.core.windows.net/unithistorythumbnails/44f14923-30da-f011-8544-000d3a597022/IMG_4110.jpeg?sv=2025-01-05&st=2026-01-21T03%3A53%3A15Z&se=2026-01-21T04%3A08%3A15Z&sr=c&sp=racwdxltfi&rsct=image%2Fjpeg&sig=6wd7%2FJC7iD%2FgQGqfEFTMOrnqaNNLj9fulJq2JywYe54%3D",
      "file": "unit-history/events/FHE gingerbread house making - Dec 15, 2025/001.jpeg",
      "downloaded": true
    },
    {
      "index": 2,
      "url": "https://uhsacontentprod.blob.core.windows.net/unithistorythumbnails/44f14923-30da-f011-8544-000d3a597022/IMG_4111.jpeg?sv=2025-01-05&st=2026-01-21T03%3A53%3A15Z&se=2026-01-21T04%3A08%3A15Z&sr=c&sp=racwdxltfi&rsct=image%2Fjpeg&sig=6wd7%2FJC7iD%2FgQGqfEFTMOrnqaNNLj9fulJq2JywYe54%3D",
      "file": "unit-history/events/FHE gingerbread house making - Dec 15, 2025/002.jpeg",
      "downloaded": true
    },
    {
      "index": 3,
      "url": "https://uhsacontentprod.blob.core.windows.net/unithistorythumbnails/44f14923-30da-f011-8544-000d3a597022/IMG_4112.jpeg?sv=2025-01-05&st=2026-01-21T03%3A53%3A15Z&se=2026-01-21T04%3A08%3A15Z&sr=c&sp=racwdxltfi&rsct=image%2Fjpeg&sig=6wd7%2FJC7iD%2FgQGqfEFTMOrnqaNNLj9fulJq2JywYe54%3D",
      "file": "unit-history/events/FHE gingerbread house making - Dec 15, 2025/003.jpeg",
      "downloaded": true
    },
    {
      "index": 4,
      "url": "https://uhsacontentprod.blob.core.windows.net/unithistorythumbnails/44f14923-30da-f011-8544-000d3a597022/IMG_4113.jpeg?sv=2025-01-05&st=2026-01-21T03%3A53%3A15Z&se=2026-01-21T04%3A08%3A15Z&sr=c&sp=racwdxltfi&rsct=image%2Fjpeg&sig=6wd7%2FJC7iD%2FgQGqfEFTMOrnqaNNLj9fulJq2JywYe54%3D",
      "file": "unit-history/events/FHE gingerbread house making - Dec 15, 2025/004.jpeg",
      "downloaded": true
    },
    {
      "index": 5,
      "url": "https://uhsacontentprod.blob.core.windows.net/unithistorythumbnails/44f14923-30da-f011-8544-000d3a597022/IMG_4114.jpeg?sv=2025-01-05&st=2026-01-21T03%3A53%3A15Z&se=2026-01-21T04%3A08%3A15Z&sr=c&sp=racwdxltfi&rsct=image%2Fjpeg&sig=6wd7%2FJC7iD%2FgQGqfEFTMOrnqaNNLj9fulJq2JywYe54%3D",
      "file": "unit-history/events/FHE gingerbread house making - Dec 15, 2025/005.jpeg",
      "downloaded": true
    },
    {
      "index": 6,
      "url": "https://uhsacontentprod.blob.core.windows.net/unithistorythumbnails/44f14923-30da-f011-8544-000d3a597022/IMG_4115.jpeg?sv=2025-01-05&st=2026-01-21T03%3A53%3A15Z&se=2026-01-21T04%3A08%3A15Z&sr=c&sp=racwdxltfi&rsct=image%2Fjpeg&sig=6wd7%2FJC7iD%2FgQGqfEFTMOrnqaNNLj9fulJq2JywYe54%3D",
      "file": "unit-history/events/FHE gingerbread house making - Dec 15, 2025/006.jpeg",
      "downloaded": true
    },
    {
      "index": 7,
      "url": "https://uhsacontentprod.blob.core.windows.net/unithistorythumbnails/44f14923-30da-f011-8544-000d3a597022/IMG_4116.jpeg?sv=2025-01-05&st=2026-01-21T03%3A53%3A15Z&se=2026-01-21T04%3A08%3A15Z&sr=c&sp=racwdxltfi&rsct=image%2Fjpeg&sig=6wd7%2FJC7iD%2FgQGqfEFTMOrnqaNNLj9fulJq2JywYe54%3D",
      "file": "unit-history/events/FHE gingerbread house making - Dec 15, 2025/007.jpeg",
      "downloaded": true
    },
    {
      "index": 8,
      "url": "https://uhsacontentprod.blob.core.windows.net/unithistorythumbnails/44f14923-30da-f011-8544-000d3a597022/IMG_4117.jpeg?sv=2025-01-05&st=2026-01-21T03%3A53%3A15Z&se=2026-01-21T04%3A08%3A15Z&sr=c&sp=racwdxltfi&rsct=image%2Fjpeg&sig=6wd7%2FJC7iD%2FgQGqfEFTMOrnqaNNLj9fulJq2JywYe54%3D",
      "file": "unit-history/events/FHE gingerbread house making - Dec 15, 2025/008.jpeg",
      "downloaded": true
    },
    {
      "index": 9,
      "url": "https://uhsacontentprod.blob.core.windows.net/unithistorythumbnails/44f14923-30da-f011-8544-000d3a597022/IMG_4118.jpeg?sv=2025-01-05&st=2026-01-21T03%3A53%3A15Z&se=2026-01-21T04%3A08%3A15Z&sr=c&sp=racwdxltfi&rsct=image%2Fjpeg&sig=6wd7%2FJC7iD%2FgQGqfEFTMOrnqaNNLj9fulJq2JywYe54%3D",
      "file": "unit-history/events/FHE gingerbread house making - Dec 15, 2025/009.jpeg",
      "downloaded": true
    },
    {
      "index": 10,
      "url": "https://uhsacontentprod.blob.core.windows.net/unithistorythumbnails/44f14923-30da-f011-8544-000d3a597022/IMG_4119.jpeg?sv=2025-01-05&st=2026-01-21T03%3A53%3A15Z&se=2026-01-21T04%3A08%3A15Z&sr=c&sp=racwdxltfi&rsct=image%2Fjpeg&sig=6wd7%2FJC7iD%2FgQGqfEFTMOrnqaNNLj9fulJq2JywYe54%3D",
      "file": "unit-history/events/FHE gingerbread house making - Dec 15, 2025/010.jpeg",
      "downloaded": true
    },
    {
      "index": 11,
      "url": "https://uhsacontentprod.blob.core.windows.net/unithistorythumbnails/44f14923-30da-f011-8544-000d3a597022/IMG_4120.jpeg?sv=2025-01-05&st=2026-01-21T03%3A53%3A15Z&se=2026-01-21T04%3A08%3A15Z&sr=c&sp=racwdxltfi&rsct=image%2Fjpeg&sig=6wd7%2FJC7iD%2FgQGqfEFTMOrnqaNNLj9fulJq2JywYe54%3D",
      "file": "unit-history/events/FHE gingerbread house making - Dec 15, 2025/011.jpeg",
      "downloaded": true
    },
    {
      "index": 12,
      "url": "https://uhsacontentprod.blob.core.windows.net/unithistorythumbnails/44f14923-30da-f011-8544-000d3a597022/IMG_4121.jpeg?sv=2025-01-05&st=2026-01-21T03%3A53%3A15Z&se=2026-01-21T04%3A08%3A15Z&sr=c&sp=racwdxltfi&rsct=image%2Fjpeg&sig=6wd7%2FJC7iD%2FgQGqfEFTMOrnqaNNLj9fulJq2JywYe54%3D",
      "file": "unit-history/events/FHE gingerbread house making - Dec 15, 2025/012.jpeg",
      "downloaded": true
    },
    {
      "index": 13,
      "url": "https://uhsacontentprod.blob.core.windows.net/unithistorythumbnails/44f14923-30da-f011-8544-000d3a597022/IMG_4122.jpeg?sv=2025-01-05&st=2026-01-21T03%3A53%3A15Z&se=2026-01-21T04%3A08%3A15Z&sr=c&sp=racwdxltfi&rsct=image%2Fjpeg&sig=6wd7%2FJC7iD%2FgQGqfEFTMOrnqaNNLj9fulJq2JywYe54%3D",
      "file": "unit-history/events/FHE gingerbread house making - Dec 15, 2025/013.jpeg",
      "downloaded": true
    },
    {
      "index": 14,
      "url": "https://uhsacontentprod.blob.core.windows.net/unithistorythumbnails/44f14923-30da-f011-8544-000d3a597022/IMG_4123.jpeg?sv=2025-01-05&st=2026-01-21T03%3A53%3A15Z&se=2026-01-21T04%3A08%3A15Z&sr=c&sp=racwdxltfi&rsct=image%2Fjpeg&sig=6wd7%2FJC7iD%2FgQGqfEFTMOrnqaNNLj9fulJq2JywYe54%3D",
      "file": "unit-history/events/FHE gingerbread house making - Dec 15, 2025/014.jpeg",
      "downloaded": true
    },
    {
      "index": 15,
      "url": "https://uhsacontentprod.blob.core.windows.net/unithistorythumbnails/44f14923-30da-f011-8544-000d3a597022/IMG_4124.jpeg?sv=2025-01-05&st=2026-01-21T03%3A53%3A15Z&se=2026-01-21T04%3A08%3A15Z&sr=c&sp=racwdxltfi&rsct=image%2Fjpeg&sig=6wd7%2FJC7iD%2FgQGqfEFTMOrnqaNNLj9fulJq2JywYe54%3D",
      "file": "unit-history/events/FHE gingerbread house making - Dec 15, 2025/015.jpeg",
      "downloaded": true
    },
    {
      "index": 16,
      "url": "https://uhsacontentprod.blob.core.windows.net/unithistorythumbnails/44f14923-30da-f011-8544-000d3a597022/IMG_4125.jpeg?sv=2025-01-05&st=2026-01-21T03%3A53%3A15Z&se=2026-01-21T04%3A08%3A15Z&sr=c&sp=racwdxltfi&rsct=image%2Fjpeg&sig=6wd7%2FJC7iD%2FgQGqfEFTMOrnqaNNLj9fulJq2JywYe54%3D",
      "file": "unit-history/events/FHE gingerbread house making - Dec 15, 2025/016.jpeg",
      "downloaded": true
    },
    {
      "index": 17,
      "url": "https://uhsacontentprod.blob.core.windows.net/unithistorythumbnails/44f14923-30da-f011-8544-000d3a597022/IMG_4126.jpeg?sv=2025-01-05&st=2026-01-21T03%3A53%3A15Z&se=2026-01-21T04%3A08%3A15Z&sr=c&sp=racwdxltfi&rsct=image%2Fjpeg&sig=6wd7%2FJC7iD%2FgQGqfEFTMOrnqaNNLj9fulJq2JywYe54%3D",
      "file": "unit-history/events/FHE gingerbread house making - Dec 15, 2025/017.jpeg",
      "downloaded": true
    },
    {
      "index": 18,
      "url": "https://uhsacontentprod.blob.core.windows.net/unithistorythumbnails/44f14923-30da-f011-8544-000d3a597022/IMG_4127.jpeg?sv=2025-01-05&st=2026-01-21T03%3A53%3A15Z&se=2026-01-21T04%3A08%3A15Z&sr=c&sp=racwdxltfi&rsct=image%2Fjpeg&sig=6wd7%2FJC7iD%2FgQGqfEFTMOrnqaNNLj9fulJq2JywYe54%3D",
      "file": "unit-history/events/FHE gingerbread house making - Dec 15, 2025/018.jpeg",
      "downloaded": true
    },
    {
      "index": 19,
      "url": "https://uhsacontentprod.blob.core.windows.net/unithistorythumbnails/44f14923-30da-f011-8544-000d3a597022/IMG_4128.jpeg?sv=2025-01-05&st=2026-01-21T03%3A53%3A15Z&se=2026-01-21T04%3A08%3A15Z&sr=c&sp=racwdxltfi&rsct=image%2Fjpeg&sig=6wd7%2FJC7iD%2FgQGqfEFTMOrnqaNNLj9fulJq2JywYe54%3D",
      "file": "unit-history/events/FHE gingerbread house making - Dec 15, 2025/019.jpeg",
      "downloaded": true
    },
    {
      "index": 20,
      "url": "https://uhsacontentprod.blob.core.windows.net/unithistorythumbnails/44f14923-30da-f011-8544-000d3a597022/IMG_4129.jpeg?sv=2025-01-05&st=2026-01-21T03%3A53%3A15Z&se=2026-01-21T04%3A08%3A15Z&sr=c&sp=racwdxltfi&rsct=image%2Fjpeg&sig=6wd7%2FJC7iD%2FgQGqfEFTMOrnqaNNLj9fulJq2JywYe54%3D",
      "file": "unit-history/events/FHE gingerbread house making - Dec 15, 2025/020.jpeg",
      "downloaded": true
    },
    {
      "index": 21,
      "url": "https://uhsacontentprod.blob.core.windows.net/unithistorythumbnails/44f14923-30da-f011-8544-000d3a597022/IMG_4130.jpeg?sv=2025-01-05&st=2026-01-21T03%3A53%3A15Z&se=2026-01-21T04%3A08%3A15Z&sr=c&sp=racwdxltfi&rsct=image%2Fjpeg&sig=6wd7%2FJC7iD%2FgQGqfEFTMOrnqaNNLj9fulJq2JywYe54%3D",
      "file": "unit-history/events/FHE gingerbread house making - Dec 15, 2025/021.jpeg",
      "downloaded": true
    },
    {
      "index": 22,
      "url": "https://uhsacontentprod.blob.core.windows.net/unithistorythumbnails/44f14923-30da-f011-8544-000d3a597022/IMG_4131.jpeg?sv=2025-01-05&st=2026-01-21T03%3A53%3A15Z&se=2026-01-21T04%3A08%3A15Z&sr=c&sp=racwdxltfi&rsct=image%2Fjpeg&sig=6wd7%2FJC7iD%2FgQGqfEFTMOrnqaNNLj9fulJq2JywYe54%3D",
      "file": "unit-history/events/FHE gingerbread house making - Dec 15, 2025/022.jpeg",
      "downloaded": true
    },
    {
      "index": 23,
      "url": "https://uhsacontentprod.blob.core.windows.net/unithistorythumbnails/44f14923-30da-f011-8544-000d3a597022/IMG_4132.jpeg?sv=2025-01-05&st=2026-01-21T03%3A53%3A15Z&se=2026-01-21T04%3A08%3A15Z&sr=c&sp=racwdxltfi&rsct=image%2Fjpeg&sig=6wd7%2FJC7iD%2FgQGqfEFTMOrnqaNNLj9fulJq2JywYe54%3D",
      "file": "unit-history/events/FHE gingerbread house making - Dec 15, 2025/023.jpeg",
      "downloaded": true
    },
    {
      "index": 24,
      "url": "https://uhsacontentprod.blob.core.windows.net/unithistorythumbnails/44f14923-30da-f011-8544-000d3a597022/IMG_4133.jpeg?sv=2025-01-05&st=2026-01-21T03%3A53%3A15Z&se=2026-01-21T04%3A08%3A15Z&sr=c&sp=racwdxltfi&rsct=image%2Fjpeg&sig=6wd7%2FJC7iD%2FgQGqfEFTMOrnqaNNLj9fulJq2JywYe54%3D",
      "file": "unit-history/events/FHE gingerbread house making - Dec 15, 2025/024.jpeg",
      "downloaded": true
    },
    {
      "index": 25,
      "url": "https://uhsacontentprod.blob.core.windows.net/unithistorythumbnails/44f14923-30da-f011-8544-000d3a597022/IMG_4134.jpeg?sv=2025-01-05&st=2026-01-21T03%3A53%3A15Z&se=2026-01-21T04%3A08%3A15Z&sr=c&sp=racwdxltfi&rsct=image%2Fjpeg&sig=6wd7%2FJC7iD%2FgQGqfEFTMOrnqaNNLj9fulJq2JywYe54%3D",
      "file": "unit-history/events/FHE gingerbread house making - Dec 15, 2025/025.jpeg",
      "downloaded": true
    },
    {
      "index": 26,
      "url": "https://uhsacontentprod.blob.core.windows.net/unithistorythumbnails/44f14923-30da-f011-8544-000d3a597022/IMG_4135.jpeg?sv=2025-01-05&st=2026-01-21T03%3A53%3A15Z&se=2026-01-21T04%3A08%3A15Z&sr=c&sp=racwdxltfi&rsct=image%2Fjpeg&sig=6wd7%2FJC7iD%2FgQGqfEFTMOrnqaNNLj9fulJq2JywYe54%3D",
      "file": "unit-history/events/FHE gingerbread house making - Dec 15, 2025/026.jpeg",
      "downloaded": true
    },
    {
      "index": 27,
      "url": "https://uhsacontentprod.blob.core.windows.net/unithistorythumbnails/44f14923-30da-f011-8544-000d3a597022/IMG_4136.jpeg?sv=2025-01-05&st=2026-01-21T03%3A53%3A15Z&se=2026-01-21T04%3A08%3A15Z&sr=c&sp=racwdxltfi&rsct=image%2Fjpeg&sig=6wd7%2FJC7iD%2FgQGqfEFTMOrnqaNNLj9fulJq2JywYe54%3D",
      "file": "unit-history/events/FHE gingerbread house making - Dec 15, 2025/027.jpeg",
      "downloaded": true
    },
    {
      "index": 28,
      "url": "https://uhsacontentprod.blob.core.windows.net/unithistorythumbnails/44f14923-30da-f011-8544-000d3a597022/IMG_4137.jpeg?sv=2025-01-05&st=2026-01-21T03%3A53%3A15Z&se=2026-01-21T04%3A08%3A15Z&sr=c&sp=racwdxltfi&rsct=image%2Fjpeg&sig=6wd7%2FJC7iD%2FgQGqfEFTMOrnqaNNLj9fulJq2JywYe54%3D",
      "file": "unit-history/events/FHE gingerbread house making - Dec 15, 2025/028.jpeg",
      "downloaded": true
    },
    {
      "index": 29,
      "url": "https://uhsacontentprod.blob.core.windows.net/unithistorythumbnails/44f14923-30da-f011-8544-000d3a597022/IMG_4138.jpeg?sv=2025-01-05&st=2026-01-21T03%3A53%3A15Z&se=2026-01-21T04%3A08%3A15Z&sr=c&sp=racwdxltfi&rsct=image%2Fjpeg&sig=6wd7%2FJC7iD%2FgQGqfEFTMOrnqaNNLj9fulJq2JywYe54%3D",
      "file": "unit-history/events/FHE gingerbread house making - Dec 15, 2025/029.jpeg",
      "downloaded": true
    },
    {
      "index": 30,
      "url": "https://uhsacontentprod.blob.core.windows.net/unithistorythumbnails/44f14923-30da-f011-8544-000d3a597022/IMG_4139.jpeg?sv=2025-01-05&st=2026-01-21T03%3A53%3A15Z&se=2026-01-21T04%3A08%3A15Z&sr=c&sp=racwdxltfi&rsct=image%2Fjpeg&sig=6wd7%2FJC7iD%2FgQGqfEFTMOrnqaNNLj9fulJq2JywYe54%3D",
      "file": "unit-history/events/FHE gingerbread house making - Dec 15, 2025/030.jpeg",
      "downloaded": true
    },
    {
      "index": 31,
      "url": "https://uhsacontentprod.blob.core.windows.net/unithistorythumbnails/44f14923-30da-f011-8544-000d3a597022/IMG_4140.jpeg?sv=2025-01-05&st=2026-01-21T03%3A53%3A15Z&se=2026-01-21T04%3A08%3A15Z&sr=c&sp=racwdxltfi&rsct=image%2Fjpeg&sig=6wd7%2FJC7iD%2FgQGqfEFTMOrnqaNNLj9fulJq2JywYe54%3D",
      "file": "unit-history/events/FHE gingerbread house making - Dec 15, 2025/031.jpeg",
      "downloaded": true
    },
    {
      "index": 32,
      "url": "https://uhsacontentprod.blob.core.windows.net/unithistorythumbnails/44f14923-30da-f011-8544-000d3a597022/IMG_4141.jpeg?sv=2025-01-05&st=2026-01-21T03%3A53%3A15Z&se=2026-01-21T04%3A08%3A15Z&sr=c&sp=racwdxltfi&rsct=image%2Fjpeg&sig=6wd7%2FJC7iD%2FgQGqfEFTMOrnqaNNLj9fulJq2JywYe54%3D",
      "file": "unit-history/events/FHE gingerbread house making - Dec 15, 2025/032.jpeg",
      "downloaded": true
    },
    {
      "index": 33,
      "url": "https://uhsacontentprod.blob.core.windows.net/unithistorythumbnails/44f14923-30da-f011-8544-000d3a597022/IMG_4142.jpeg?sv=2025-01-05&st=2026-01-21T03%3A53%3A15Z&se=2026-01-21T04%3A08%3A15Z&sr=c&sp=racwdxltfi&rsct=image%2Fjpeg&sig=6wd7%2FJC7iD%2FgQGqfEFTMOrnqaNNLj9fulJq2JywYe54%3D",
      "file": "unit-history/events/FHE gingerbread house making - Dec 15, 2025/033.jpeg",
      "downloaded": true
    }
  ]
}