{
  "final_url": "https://unithistory.churchofjesuschrist.org/admin/view/ab7ca0f4-1b0a-f111-8406-7ced8d6f4914?page=home_page",
  "title": "Galentines relief society night",
  "date_text": "Feb 10, 2026",
  "folder": "unit-history/events/Galentines relief society night - Feb 10, 2026",
  "image_count_found": 8,
  "images": [
    {
      "index": 1,
      "url": "https://uhsacontentprod.blob.core.windows.net/unithistorythumbnails/ab7ca0f4-1b0a-f111-8406-7ced8d6f4914/IMG_4821.jpeg?sv=2025-01-05&st=2026-02-16T10%3A39%3A03Z&se=2026-02-16T10%3A54%3A03Z&sr=c&sp=racwdxltfi&rsct=image%2Fjpeg&sig=6nijdOMjAOWpEzHciAKPVTAVbrfJ5sm0EBnaatqeXRk%3D",
      "file": "unit-history/events/Galentines relief society night - Feb 10, 2026/001.jpeg",
      "downloaded": true
    },
    {
      "index": 2,
      "url": "https://uhsacontentprod.blob.core.windows.net/unithistorythumbnails/ab7ca0f4-1b0a-f111-8406-7ced8d6f4914/IMG_4822.jpeg?sv=2025-01-05&st=2026-02-16T10%3A39%3A03Z&se=2026-02-16T10%3A54%3A03Z&sr=c&sp=racwdxltfi&rsct=image%2Fjpeg&sig=6nijdOMjAOWpEzHciAKPVTAVbrfJ5sm0EBnaatqeXRk%3D",
      "file": "unit-history/events/Galentines relief society night - Feb 10, 2026/002.jpeg",
      "downloaded": true
    },
    {
      "index": 3,
      "url": "https://uhsacontentprod.blob.core.windows.net/unithistorythumbnails/ab7ca0f4-1b0a-f111-8406-7ced8d6f4914/IMG_4823.jpeg?sv=2025-01-05&st=2026-02-16T10%3A39%3A03Z&se=2026-02-16T10%3A54%3A03Z&sr=c&sp=racwdxltfi&rsct=image%2Fjpeg&sig=6nijdOMjAOWpEzHciAKPVTAVbrfJ5sm0EBnaatqeXRk%3D",
      "file": "unit-history/events/Galentines relief society night - Feb 10, 2026/003.jpeg",
      "downloaded": true
    },
    {
      "index": 4,
      "url": "https://uhsacontentprod.blob.core.windows.net/unithistorythumbnails/ab7ca0f4-1b0a-f111-8406-7ced8d6f4914/IMG_4824.jpeg?sv=2025-01-05&st=2026-02-16T10%3A39%3A03Z&se=2026-02-16T10%3A54%3A03Z&sr=c&sp=racwdxltfi&rsct=image%2Fjpeg&sig=6nijdOMjAOWpEzHciAKPVTAVbrfJ5sm0EBnaatqeXRk%3D",
      "file": "unit-history/events/Galentines relief society night - Feb 10, 2026/004.jpeg",
      "downloaded": true
    },
    {
      "index": 5,
      "url": "https://uhsacontentprod.blob.core.windows.net/unithistorythumbnails/ab7ca0f4-1b0a-f111-8406-7ced8d6f4914/IMG_4825.jpeg?sv=2025-01-05&st=2026-02-16T10%3A39%3A03Z&se=2026-02-16T10%3A54%3A03Z&sr=c&sp=racwdxltfi&rsct=image%2Fjpeg&sig=6nijdOMjAOWpEzHciAKPVTAVbrfJ5sm0EBnaatqeXRk%3D",
      "file": "unit-history/events/Galentines relief society night - Feb 10, 2026/005.jpeg",
      "downloaded": true
    },
    {
      "index": 6,
      "url": "https://uhsacontentprod.blob.core.windows.net/unithistorythumbnails/ab7ca0f4-1b0a-f111-8406-7ced8d6f4914/IMG_4826.jpeg?sv=2025-01-05&st=2026-02-16T10%3A39%3A03Z&se=2026-02-16T10%3A54%3A03Z&sr=c&sp=racwdxltfi&rsct=image%2Fjpeg&sig=6nijdOMjAOWpEzHciAKPVTAVbrfJ5sm0EBnaatqeXRk%3D",
      "file": "unit-history/events/Galentines relief society night - Feb 10, 2026/006.jpeg",
      "downloaded": true
    },
    {
      "index": 7,
      "url": "https://uhsacontentprod.blob.core.windows.net/unithistorythumbnails/ab7ca0f4-1b0a-f111-8406-7ced8d6f4914/IMG_4827.jpeg?sv=2025-01-05&st=2026-02-16T10%3A39%3A03Z&se=2026-02-16T10%3A54%3A03Z&sr=c&sp=racwdxltfi&rsct=image%2Fjpeg&sig=6nijdOMjAOWpEzHciAKPVTAVbrfJ5sm0EBnaatqeXRk%3D",
      "file": "unit-history/events/Galentines relief society night - Feb 10, 2026/007.jpeg",
      "downloaded": true
    },
    {
      "index": 8,
      "url": "https://uhsacontentprod.blob.core.windows.net/unithistorythumbnails/ab7ca0f4-1b0a-f111-8406-7ced8d6f4914/IMG_4828.jpeg?sv=2025-01-05&st=2026-02-16T10%3A39%3A03Z&se=2026-02-16T10%3A54%3A03Z&sr=c&sp=racwdxltfi&rsct=image%2Fjpeg&sig=6nijdOMjAOWpEzHciAKPVTAVbrfJ5sm0EBnaatqeXRk%3D",
      "file": "unit-history/events/Galentines relief society night - Feb 10, 2026/008.jpeg",
      "downloaded": true
    }
  ]
}