{
  "final_url": "https://unithistory.churchofjesuschrist.org/admin/view/9781ab4b-1c0a-f111-8406-7ced8d6f48ab?page=home_page",
  "title": "Social strategists games - FHE",
  "date_text": "Feb 9, 2026",
  "folder": "unit-history/events/Social strategists games - FHE - Feb 9, 2026",
  "image_count_found": 6,
  "images": [
    {
      "index": 1,
      "url": "https://uhsacontentprod.blob.core.windows.net/unithistorythumbnails/9781ab4b-1c0a-f111-8406-7ced8d6f48ab/1799072094045508818.jpeg?sv=2025-01-05&st=2026-02-16T10%3A38%3A36Z&se=2026-02-16T10%3A53%3A36Z&sr=c&sp=racwdxltfi&rsct=image%2Fjpeg&sig=nIBa5AJCnc94ppEXDaMigWxoYNX05R5QO%2FTqpPIEaKk%3D",
      "file": "unit-history/events/Social strategists games - FHE - Feb 9, 2026/001.jpeg",
      "downloaded": true
    },
    {
      "index": 2,
      "url": "https://uhsacontentprod.blob.core.windows.net/unithistorythumbnails/9781ab4b-1c0a-f111-8406-7ced8d6f48ab/2123860824149830254.jpeg?sv=2025-01-05&st=2026-02-16T10%3A38%3A36Z&se=2026-02-16T10%3A53%3A36Z&sr=c&sp=racwdxltfi&rsct=image%2Fjpeg&sig=nIBa5AJCnc94ppEXDaMigWxoYNX05R5QO%2FTqpPIEaKk%3D",
      "file": "unit-history/events/Social strategists games - FHE - Feb 9, 2026/002.jpeg",
      "downloaded": true
    },
    {
      "index": 3,
      "url": "https://uhsacontentprod.blob.core.windows.net/unithistorythumbnails/9781ab4b-1c0a-f111-8406-7ced8d6f48ab/5859873545841585767.jpeg?sv=2025-01-05&st=2026-02-16T10%3A38%3A36Z&se=2026-02-16T10%3A53%3A36Z&sr=c&sp=racwdxltfi&rsct=image%2Fjpeg&sig=nIBa5AJCnc94ppEXDaMigWxoYNX05R5QO%2FTqpPIEaKk%3D",
      "file": "unit-history/events/Social strategists games - FHE - Feb 9, 2026/003.jpeg",
      "downloaded": true
    },
    {
      "index": 4,
      "url": "https://uhsacontentprod.blob.core.windows.net/unithistorythumbnails/9781ab4b-1c0a-f111-8406-7ced8d6f48ab/6712327648482312395.jpeg?sv=2025-01-05&st=2026-02-16T10%3A38%3A36Z&se=2026-02-16T10%3A53%3A36Z&sr=c&sp=racwdxltfi&rsct=image%2Fjpeg&sig=nIBa5AJCnc94ppEXDaMigWxoYNX05R5QO%2FTqpPIEaKk%3D",
      "file": "unit-history/events/Social strategists games - FHE - Feb 9, 2026/004.jpeg",
      "downloaded": true
    },
    {
      "index": 5,
      "url": "https://uhsacontentprod.blob.core.windows.net/unithistorythumbnails/9781ab4b-1c0a-f111-8406-7ced8d6f48ab/7698341185049320418.jpeg?sv=2025-01-05&st=2026-02-16T10%3A38%3A36Z&se=2026-02-16T10%3A53%3A36Z&sr=c&sp=racwdxltfi&rsct=image%2Fjpeg&sig=nIBa5AJCnc94ppEXDaMigWxoYNX05R5QO%2FTqpPIEaKk%3D",
      "file": "unit-history/events/Social strategists games - FHE - Feb 9, 2026/005.jpeg",
      "downloaded": true
    },
    {
      "index": 6,
      "url": "https://uhsacontentprod.blob.core.windows.net/unithistorythumbnails/9781ab4b-1c0a-f111-8406-7ced8d6f48ab/8718744930560729166.jpeg?sv=2025-01-05&st=2026-02-16T10%3A38%3A36Z&se=2026-02-16T10%3A53%3A36Z&sr=c&sp=racwdxltfi&rsct=image%2Fjpeg&sig=nIBa5AJCnc94ppEXDaMigWxoYNX05R5QO%2FTqpPIEaKk%3D",
      "file": "unit-history/events/Social strategists games - FHE - Feb 9, 2026/006.jpeg",
      "downloaded": true
    }
  ]
}