{
  "final_url": "https://unithistory.churchofjesuschrist.org/admin/view/9add62f5-2af0-f011-8406-000d3a5a7081?page=home_page",
  "title": "Paint night",
  "date_text": "Jan 12, 2026",
  "folder": "unit-history/events/Paint night - Jan 12, 2026",
  "image_count_found": 18,
  "images": [
    {
      "index": 1,
      "url": "https://uhsacontentprod.blob.core.windows.net/unithistorythumbnails/9add62f5-2af0-f011-8406-000d3a5a7081/IMG_4466.jpeg?sv=2025-01-05&st=2026-01-21T03%3A50%3A46Z&se=2026-01-21T04%3A05%3A46Z&sr=c&sp=racwdxltfi&rsct=image%2Fjpeg&sig=jyIyRCE2mqBIFMRORwPVwmqm1Zlnrce4qFxt0Hmvduw%3D",
      "file": "unit-history/events/Paint night - Jan 12, 2026/001.jpeg",
      "downloaded": true
    },
    {
      "index": 2,
      "url": "https://uhsacontentprod.blob.core.windows.net/unithistorythumbnails/9add62f5-2af0-f011-8406-000d3a5a7081/IMG_4467.jpeg?sv=2025-01-05&st=2026-01-21T03%3A50%3A46Z&se=2026-01-21T04%3A05%3A46Z&sr=c&sp=racwdxltfi&rsct=image%2Fjpeg&sig=jyIyRCE2mqBIFMRORwPVwmqm1Zlnrce4qFxt0Hmvduw%3D",
      "file": "unit-history/events/Paint night - Jan 12, 2026/002.jpeg",
      "downloaded": true
    },
    {
      "index": 3,
      "url": "https://uhsacontentprod.blob.core.windows.net/unithistorythumbnails/9add62f5-2af0-f011-8406-000d3a5a7081/IMG_4468.jpeg?sv=2025-01-05&st=2026-01-21T03%3A50%3A46Z&se=2026-01-21T04%3A05%3A46Z&sr=c&sp=racwdxltfi&rsct=image%2Fjpeg&sig=jyIyRCE2mqBIFMRORwPVwmqm1Zlnrce4qFxt0Hmvduw%3D",
      "file": "unit-history/events/Paint night - Jan 12, 2026/003.jpeg",
      "downloaded": true
    },
    {
      "index": 4,
      "url": "https://uhsacontentprod.blob.core.windows.net/unithistorythumbnails/9add62f5-2af0-f011-8406-000d3a5a7081/IMG_4469.jpeg?sv=2025-01-05&st=2026-01-21T03%3A50%3A46Z&se=2026-01-21T04%3A05%3A46Z&sr=c&sp=racwdxltfi&rsct=image%2Fjpeg&sig=jyIyRCE2mqBIFMRORwPVwmqm1Zlnrce4qFxt0Hmvduw%3D",
      "file": "unit-history/events/Paint night - Jan 12, 2026/004.jpeg",
      "downloaded": true
    },
    {
      "index": 5,
      "url": "https://uhsacontentprod.blob.core.windows.net/unithistorythumbnails/9add62f5-2af0-f011-8406-000d3a5a7081/IMG_4470.jpeg?sv=2025-01-05&st=2026-01-21T03%3A50%3A46Z&se=2026-01-21T04%3A05%3A46Z&sr=c&sp=racwdxltfi&rsct=image%2Fjpeg&sig=jyIyRCE2mqBIFMRORwPVwmqm1Zlnrce4qFxt0Hmvduw%3D",
      "file": "unit-history/events/Paint night - Jan 12, 2026/005.jpeg",
      "downloaded": true
    },
    {
      "index": 6,
      "url": "https://uhsacontentprod.blob.core.windows.net/unithistorythumbnails/9add62f5-2af0-f011-8406-000d3a5a7081/IMG_4471.jpeg?sv=2025-01-05&st=2026-01-21T03%3A50%3A46Z&se=2026-01-21T04%3A05%3A46Z&sr=c&sp=racwdxltfi&rsct=image%2Fjpeg&sig=jyIyRCE2mqBIFMRORwPVwmqm1Zlnrce4qFxt0Hmvduw%3D",
      "file": "unit-history/events/Paint night - Jan 12, 2026/006.jpeg",
      "downloaded": true
    },
    {
      "index": 7,
      "url": "https://uhsacontentprod.blob.core.windows.net/unithistorythumbnails/9add62f5-2af0-f011-8406-000d3a5a7081/IMG_4472.jpeg?sv=2025-01-05&st=2026-01-21T03%3A50%3A46Z&se=2026-01-21T04%3A05%3A46Z&sr=c&sp=racwdxltfi&rsct=image%2Fjpeg&sig=jyIyRCE2mqBIFMRORwPVwmqm1Zlnrce4qFxt0Hmvduw%3D",
      "file": "unit-history/events/Paint night - Jan 12, 2026/007.jpeg",
      "downloaded": true
    },
    {
      "index": 8,
      "url": "https://uhsacontentprod.blob.core.windows.net/unithistorythumbnails/9add62f5-2af0-f011-8406-000d3a5a7081/IMG_4473.jpeg?sv=2025-01-05&st=2026-01-21T03%3A50%3A46Z&se=2026-01-21T04%3A05%3A46Z&sr=c&sp=racwdxltfi&rsct=image%2Fjpeg&sig=jyIyRCE2mqBIFMRORwPVwmqm1Zlnrce4qFxt0Hmvduw%3D",
      "file": "unit-history/events/Paint night - Jan 12, 2026/008.jpeg",
      "downloaded": true
    },
    {
      "index": 9,
      "url": "https://uhsacontentprod.blob.core.windows.net/unithistorythumbnails/9add62f5-2af0-f011-8406-000d3a5a7081/IMG_4474.jpeg?sv=2025-01-05&st=2026-01-21T03%3A50%3A46Z&se=2026-01-21T04%3A05%3A46Z&sr=c&sp=racwdxltfi&rsct=image%2Fjpeg&sig=jyIyRCE2mqBIFMRORwPVwmqm1Zlnrce4qFxt0Hmvduw%3D",
      "file": "unit-history/events/Paint night - Jan 12, 2026/009.jpeg",
      "downloaded": true
    },
    {
      "index": 10,
      "url": "https://uhsacontentprod.blob.core.windows.net/unithistorythumbnails/9add62f5-2af0-f011-8406-000d3a5a7081/IMG_4475.jpeg?sv=2025-01-05&st=2026-01-21T03%3A50%3A46Z&se=2026-01-21T04%3A05%3A46Z&sr=c&sp=racwdxltfi&rsct=image%2Fjpeg&sig=jyIyRCE2mqBIFMRORwPVwmqm1Zlnrce4qFxt0Hmvduw%3D",
      "file": "unit-history/events/Paint night - Jan 12, 2026/010.jpeg",
      "downloaded": true
    },
    {
      "index": 11,
      "url": "https://uhsacontentprod.blob.core.windows.net/unithistorythumbnails/9add62f5-2af0-f011-8406-000d3a5a7081/IMG_4476.jpeg?sv=2025-01-05&st=2026-01-21T03%3A50%3A46Z&se=2026-01-21T04%3A05%3A46Z&sr=c&sp=racwdxltfi&rsct=image%2Fjpeg&sig=jyIyRCE2mqBIFMRORwPVwmqm1Zlnrce4qFxt0Hmvduw%3D",
      "file": "unit-history/events/Paint night - Jan 12, 2026/011.jpeg",
      "downloaded": true
    },
    {
      "index": 12,
      "url": "https://uhsacontentprod.blob.core.windows.net/unithistorythumbnails/9add62f5-2af0-f011-8406-000d3a5a7081/IMG_4477.jpeg?sv=2025-01-05&st=2026-01-21T03%3A50%3A46Z&se=2026-01-21T04%3A05%3A46Z&sr=c&sp=racwdxltfi&rsct=image%2Fjpeg&sig=jyIyRCE2mqBIFMRORwPVwmqm1Zlnrce4qFxt0Hmvduw%3D",
      "file": "unit-history/events/Paint night - Jan 12, 2026/012.jpeg",
      "downloaded": true
    },
    {
      "index": 13,
      "url": "https://uhsacontentprod.blob.core.windows.net/unithistorythumbnails/9add62f5-2af0-f011-8406-000d3a5a7081/IMG_4478.jpeg?sv=2025-01-05&st=2026-01-21T03%3A50%3A46Z&se=2026-01-21T04%3A05%3A46Z&sr=c&sp=racwdxltfi&rsct=image%2Fjpeg&sig=jyIyRCE2mqBIFMRORwPVwmqm1Zlnrce4qFxt0Hmvduw%3D",
      "file": "unit-history/events/Paint night - Jan 12, 2026/013.jpeg",
      "downloaded": true
    },
    {
      "index": 14,
      "url": "https://uhsacontentprod.blob.core.windows.net/unithistorythumbnails/9add62f5-2af0-f011-8406-000d3a5a7081/IMG_4479.jpeg?sv=2025-01-05&st=2026-01-21T03%3A50%3A46Z&se=2026-01-21T04%3A05%3A46Z&sr=c&sp=racwdxltfi&rsct=image%2Fjpeg&sig=jyIyRCE2mqBIFMRORwPVwmqm1Zlnrce4qFxt0Hmvduw%3D",
      "file": "unit-history/events/Paint night - Jan 12, 2026/014.jpeg",
      "downloaded": true
    },
    {
      "index": 15,
      "url": "https://uhsacontentprod.blob.core.windows.net/unithistorythumbnails/9add62f5-2af0-f011-8406-000d3a5a7081/IMG_4480.jpeg?sv=2025-01-05&st=2026-01-21T03%3A50%3A46Z&se=2026-01-21T04%3A05%3A46Z&sr=c&sp=racwdxltfi&rsct=image%2Fjpeg&sig=jyIyRCE2mqBIFMRORwPVwmqm1Zlnrce4qFxt0Hmvduw%3D",
      "file": "unit-history/events/Paint night - Jan 12, 2026/015.jpeg",
      "downloaded": true
    },
    {
      "index": 16,
      "url": "https://uhsacontentprod.blob.core.windows.net/unithistorythumbnails/9add62f5-2af0-f011-8406-000d3a5a7081/IMG_4481.jpeg?sv=2025-01-05&st=2026-01-21T03%3A50%3A46Z&se=2026-01-21T04%3A05%3A46Z&sr=c&sp=racwdxltfi&rsct=image%2Fjpeg&sig=jyIyRCE2mqBIFMRORwPVwmqm1Zlnrce4qFxt0Hmvduw%3D",
      "file": "unit-history/events/Paint night - Jan 12, 2026/016.jpeg",
      "downloaded": true
    },
    {
      "index": 17,
      "url": "https://uhsacontentprod.blob.core.windows.net/unithistorythumbnails/9add62f5-2af0-f011-8406-000d3a5a7081/IMG_4482.jpeg?sv=2025-01-05&st=2026-01-21T03%3A50%3A46Z&se=2026-01-21T04%3A05%3A46Z&sr=c&sp=racwdxltfi&rsct=image%2Fjpeg&sig=jyIyRCE2mqBIFMRORwPVwmqm1Zlnrce4qFxt0Hmvduw%3D",
      "file": "unit-history/events/Paint night - Jan 12, 2026/017.jpeg",
      "downloaded": true
    },
    {
      "index": 18,
      "url": "https://uhsacontentprod.blob.core.windows.net/unithistorythumbnails/9add62f5-2af0-f011-8406-000d3a5a7081/IMG_4483.jpeg?sv=2025-01-05&st=2026-01-21T03%3A50%3A46Z&se=2026-01-21T04%3A05%3A46Z&sr=c&sp=racwdxltfi&rsct=image%2Fjpeg&sig=jyIyRCE2mqBIFMRORwPVwmqm1Zlnrce4qFxt0Hmvduw%3D",
      "file": "unit-history/events/Paint night - Jan 12, 2026/018.jpeg",
      "downloaded": true
    }
  ]
}