{
  "final_url": "https://unithistory.churchofjesuschrist.org/admin/view/08afcdbc-080d-f011-9988-000d3a3ac227?page=home_page",
  "title": "March stake conference Saturday evening",
  "date_text": "March stake conference Saturday evening",
  "folder": "unit-history/events/March stake conference Saturday evening - March stake conference Saturday evening",
  "image_count_found": 1,
  "images": [
    {
      "index": 1,
      "url": "https://uhsacontentprod.blob.core.windows.net/unithistorythumbnails/08afcdbc-080d-f011-9988-000d3a3ac227/IMG_2570.jpeg?sv=2025-01-05&st=2026-01-21T03%3A57%3A23Z&se=2026-01-21T04%3A12%3A23Z&sr=c&sp=racwdxltfi&rsct=image%2Fjpeg&sig=2zo71%2FlD0j5XksVOPvXEljj%2BnDCmfq2hUJVbWSQJ91w%3D",
      "file": "unit-history/events/March stake conference Saturday evening - March stake conference Saturday evening/001.jpeg",
      "downloaded": true
    }
  ]
}