{
  "final_url": "https://unithistory.churchofjesuschrist.org/admin/view/e131ed9c-b4d4-f011-8544-0022480a7055?page=home_page",
  "title": "Ward Christmas Dinner",
  "date_text": "Dec 8, 2025",
  "folder": "unit-history/events/Ward Christmas Dinner - Dec 8, 2025",
  "image_count_found": 71,
  "images": [
    {
      "index": 1,
      "url": "https://uhsacontentprod.blob.core.windows.net/unithistorythumbnails/e131ed9c-b4d4-f011-8544-0022480a7055/IMG_3947.jpeg?sv=2025-01-05&st=2026-01-21T03%3A54%3A27Z&se=2026-01-21T04%3A09%3A27Z&sr=c&sp=racwdxltfi&rsct=image%2Fjpeg&sig=4Pfk85QUZFYEBnh5Z7AhHQ%2BWxmVdfrG3Jm8k%2BJuZTk8%3D",
      "file": "unit-history/events/Ward Christmas Dinner - Dec 8, 2025/001.jpeg",
      "downloaded": true
    },
    {
      "index": 2,
      "url": "https://uhsacontentprod.blob.core.windows.net/unithistorythumbnails/e131ed9c-b4d4-f011-8544-0022480a7055/IMG_3948.jpeg?sv=2025-01-05&st=2026-01-21T03%3A54%3A27Z&se=2026-01-21T04%3A09%3A27Z&sr=c&sp=racwdxltfi&rsct=image%2Fjpeg&sig=4Pfk85QUZFYEBnh5Z7AhHQ%2BWxmVdfrG3Jm8k%2BJuZTk8%3D",
      "file": "unit-history/events/Ward Christmas Dinner - Dec 8, 2025/002.jpeg",
      "downloaded": true
    },
    {
      "index": 3,
      "url": "https://uhsacontentprod.blob.core.windows.net/unithistorythumbnails/e131ed9c-b4d4-f011-8544-0022480a7055/IMG_3949.jpeg?sv=2025-01-05&st=2026-01-21T03%3A54%3A27Z&se=2026-01-21T04%3A09%3A27Z&sr=c&sp=racwdxltfi&rsct=image%2Fjpeg&sig=4Pfk85QUZFYEBnh5Z7AhHQ%2BWxmVdfrG3Jm8k%2BJuZTk8%3D",
      "file": "unit-history/events/Ward Christmas Dinner - Dec 8, 2025/003.jpeg",
      "downloaded": true
    },
    {
      "index": 4,
      "url": "https://uhsacontentprod.blob.core.windows.net/unithistorythumbnails/e131ed9c-b4d4-f011-8544-0022480a7055/IMG_3950.jpeg?sv=2025-01-05&st=2026-01-21T03%3A54%3A27Z&se=2026-01-21T04%3A09%3A27Z&sr=c&sp=racwdxltfi&rsct=image%2Fjpeg&sig=4Pfk85QUZFYEBnh5Z7AhHQ%2BWxmVdfrG3Jm8k%2BJuZTk8%3D",
      "file": "unit-history/events/Ward Christmas Dinner - Dec 8, 2025/004.jpeg",
      "downloaded": true
    },
    {
      "index": 5,
      "url": "https://uhsacontentprod.blob.core.windows.net/unithistorythumbnails/e131ed9c-b4d4-f011-8544-0022480a7055/IMG_3951.jpeg?sv=2025-01-05&st=2026-01-21T03%3A54%3A27Z&se=2026-01-21T04%3A09%3A27Z&sr=c&sp=racwdxltfi&rsct=image%2Fjpeg&sig=4Pfk85QUZFYEBnh5Z7AhHQ%2BWxmVdfrG3Jm8k%2BJuZTk8%3D",
      "file": "unit-history/events/Ward Christmas Dinner - Dec 8, 2025/005.jpeg",
      "downloaded": true
    },
    {
      "index": 6,
      "url": "https://uhsacontentprod.blob.core.windows.net/unithistorythumbnails/e131ed9c-b4d4-f011-8544-0022480a7055/IMG_3952.jpeg?sv=2025-01-05&st=2026-01-21T03%3A54%3A27Z&se=2026-01-21T04%3A09%3A27Z&sr=c&sp=racwdxltfi&rsct=image%2Fjpeg&sig=4Pfk85QUZFYEBnh5Z7AhHQ%2BWxmVdfrG3Jm8k%2BJuZTk8%3D",
      "file": "unit-history/events/Ward Christmas Dinner - Dec 8, 2025/006.jpeg",
      "downloaded": true
    },
    {
      "index": 7,
      "url": "https://uhsacontentprod.blob.core.windows.net/unithistorythumbnails/e131ed9c-b4d4-f011-8544-0022480a7055/IMG_3953.jpeg?sv=2025-01-05&st=2026-01-21T03%3A54%3A27Z&se=2026-01-21T04%3A09%3A27Z&sr=c&sp=racwdxltfi&rsct=image%2Fjpeg&sig=4Pfk85QUZFYEBnh5Z7AhHQ%2BWxmVdfrG3Jm8k%2BJuZTk8%3D",
      "file": "unit-history/events/Ward Christmas Dinner - Dec 8, 2025/007.jpeg",
      "downloaded": true
    },
    {
      "index": 8,
      "url": "https://uhsacontentprod.blob.core.windows.net/unithistorythumbnails/e131ed9c-b4d4-f011-8544-0022480a7055/IMG_3954.jpeg?sv=2025-01-05&st=2026-01-21T03%3A54%3A27Z&se=2026-01-21T04%3A09%3A27Z&sr=c&sp=racwdxltfi&rsct=image%2Fjpeg&sig=4Pfk85QUZFYEBnh5Z7AhHQ%2BWxmVdfrG3Jm8k%2BJuZTk8%3D",
      "file": "unit-history/events/Ward Christmas Dinner - Dec 8, 2025/008.jpeg",
      "downloaded": true
    },
    {
      "index": 9,
      "url": "https://uhsacontentprod.blob.core.windows.net/unithistorythumbnails/e131ed9c-b4d4-f011-8544-0022480a7055/IMG_3955.jpeg?sv=2025-01-05&st=2026-01-21T03%3A54%3A27Z&se=2026-01-21T04%3A09%3A27Z&sr=c&sp=racwdxltfi&rsct=image%2Fjpeg&sig=4Pfk85QUZFYEBnh5Z7AhHQ%2BWxmVdfrG3Jm8k%2BJuZTk8%3D",
      "file": "unit-history/events/Ward Christmas Dinner - Dec 8, 2025/009.jpeg",
      "downloaded": true
    },
    {
      "index": 10,
      "url": "https://uhsacontentprod.blob.core.windows.net/unithistorythumbnails/e131ed9c-b4d4-f011-8544-0022480a7055/IMG_3956.jpeg?sv=2025-01-05&st=2026-01-21T03%3A54%3A27Z&se=2026-01-21T04%3A09%3A27Z&sr=c&sp=racwdxltfi&rsct=image%2Fjpeg&sig=4Pfk85QUZFYEBnh5Z7AhHQ%2BWxmVdfrG3Jm8k%2BJuZTk8%3D",
      "file": "unit-history/events/Ward Christmas Dinner - Dec 8, 2025/010.jpeg",
      "downloaded": true
    },
    {
      "index": 11,
      "url": "https://uhsacontentprod.blob.core.windows.net/unithistorythumbnails/e131ed9c-b4d4-f011-8544-0022480a7055/IMG_3957.jpeg?sv=2025-01-05&st=2026-01-21T03%3A54%3A27Z&se=2026-01-21T04%3A09%3A27Z&sr=c&sp=racwdxltfi&rsct=image%2Fjpeg&sig=4Pfk85QUZFYEBnh5Z7AhHQ%2BWxmVdfrG3Jm8k%2BJuZTk8%3D",
      "file": "unit-history/events/Ward Christmas Dinner - Dec 8, 2025/011.jpeg",
      "downloaded": true
    },
    {
      "index": 12,
      "url": "https://uhsacontentprod.blob.core.windows.net/unithistorythumbnails/e131ed9c-b4d4-f011-8544-0022480a7055/IMG_3958.jpeg?sv=2025-01-05&st=2026-01-21T03%3A54%3A27Z&se=2026-01-21T04%3A09%3A27Z&sr=c&sp=racwdxltfi&rsct=image%2Fjpeg&sig=4Pfk85QUZFYEBnh5Z7AhHQ%2BWxmVdfrG3Jm8k%2BJuZTk8%3D",
      "file": "unit-history/events/Ward Christmas Dinner - Dec 8, 2025/012.jpeg",
      "downloaded": true
    },
    {
      "index": 13,
      "url": "https://uhsacontentprod.blob.core.windows.net/unithistorythumbnails/e131ed9c-b4d4-f011-8544-0022480a7055/IMG_3959.jpeg?sv=2025-01-05&st=2026-01-21T03%3A54%3A27Z&se=2026-01-21T04%3A09%3A27Z&sr=c&sp=racwdxltfi&rsct=image%2Fjpeg&sig=4Pfk85QUZFYEBnh5Z7AhHQ%2BWxmVdfrG3Jm8k%2BJuZTk8%3D",
      "file": "unit-history/events/Ward Christmas Dinner - Dec 8, 2025/013.jpeg",
      "downloaded": true
    },
    {
      "index": 14,
      "url": "https://uhsacontentprod.blob.core.windows.net/unithistorythumbnails/e131ed9c-b4d4-f011-8544-0022480a7055/IMG_3960.jpeg?sv=2025-01-05&st=2026-01-21T03%3A54%3A27Z&se=2026-01-21T04%3A09%3A27Z&sr=c&sp=racwdxltfi&rsct=image%2Fjpeg&sig=4Pfk85QUZFYEBnh5Z7AhHQ%2BWxmVdfrG3Jm8k%2BJuZTk8%3D",
      "file": "unit-history/events/Ward Christmas Dinner - Dec 8, 2025/014.jpeg",
      "downloaded": true
    },
    {
      "index": 15,
      "url": "https://uhsacontentprod.blob.core.windows.net/unithistorythumbnails/e131ed9c-b4d4-f011-8544-0022480a7055/IMG_3961.jpeg?sv=2025-01-05&st=2026-01-21T03%3A54%3A27Z&se=2026-01-21T04%3A09%3A27Z&sr=c&sp=racwdxltfi&rsct=image%2Fjpeg&sig=4Pfk85QUZFYEBnh5Z7AhHQ%2BWxmVdfrG3Jm8k%2BJuZTk8%3D",
      "file": "unit-history/events/Ward Christmas Dinner - Dec 8, 2025/015.jpeg",
      "downloaded": true
    },
    {
      "index": 16,
      "url": "https://uhsacontentprod.blob.core.windows.net/unithistorythumbnails/e131ed9c-b4d4-f011-8544-0022480a7055/IMG_3962.jpeg?sv=2025-01-05&st=2026-01-21T03%3A54%3A27Z&se=2026-01-21T04%3A09%3A27Z&sr=c&sp=racwdxltfi&rsct=image%2Fjpeg&sig=4Pfk85QUZFYEBnh5Z7AhHQ%2BWxmVdfrG3Jm8k%2BJuZTk8%3D",
      "file": "unit-history/events/Ward Christmas Dinner - Dec 8, 2025/016.jpeg",
      "downloaded": true
    },
    {
      "index": 17,
      "url": "https://uhsacontentprod.blob.core.windows.net/unithistorythumbnails/e131ed9c-b4d4-f011-8544-0022480a7055/IMG_3963.jpeg?sv=2025-01-05&st=2026-01-21T03%3A54%3A27Z&se=2026-01-21T04%3A09%3A27Z&sr=c&sp=racwdxltfi&rsct=image%2Fjpeg&sig=4Pfk85QUZFYEBnh5Z7AhHQ%2BWxmVdfrG3Jm8k%2BJuZTk8%3D",
      "file": "unit-history/events/Ward Christmas Dinner - Dec 8, 2025/017.jpeg",
      "downloaded": true
    },
    {
      "index": 18,
      "url": "https://uhsacontentprod.blob.core.windows.net/unithistorythumbnails/e131ed9c-b4d4-f011-8544-0022480a7055/IMG_3964.jpeg?sv=2025-01-05&st=2026-01-21T03%3A54%3A27Z&se=2026-01-21T04%3A09%3A27Z&sr=c&sp=racwdxltfi&rsct=image%2Fjpeg&sig=4Pfk85QUZFYEBnh5Z7AhHQ%2BWxmVdfrG3Jm8k%2BJuZTk8%3D",
      "file": "unit-history/events/Ward Christmas Dinner - Dec 8, 2025/018.jpeg",
      "downloaded": true
    },
    {
      "index": 19,
      "url": "https://uhsacontentprod.blob.core.windows.net/unithistorythumbnails/e131ed9c-b4d4-f011-8544-0022480a7055/IMG_3965.jpeg?sv=2025-01-05&st=2026-01-21T03%3A54%3A27Z&se=2026-01-21T04%3A09%3A27Z&sr=c&sp=racwdxltfi&rsct=image%2Fjpeg&sig=4Pfk85QUZFYEBnh5Z7AhHQ%2BWxmVdfrG3Jm8k%2BJuZTk8%3D",
      "file": "unit-history/events/Ward Christmas Dinner - Dec 8, 2025/019.jpeg",
      "downloaded": true
    },
    {
      "index": 20,
      "url": "https://uhsacontentprod.blob.core.windows.net/unithistorythumbnails/e131ed9c-b4d4-f011-8544-0022480a7055/IMG_3966.jpeg?sv=2025-01-05&st=2026-01-21T03%3A54%3A27Z&se=2026-01-21T04%3A09%3A27Z&sr=c&sp=racwdxltfi&rsct=image%2Fjpeg&sig=4Pfk85QUZFYEBnh5Z7AhHQ%2BWxmVdfrG3Jm8k%2BJuZTk8%3D",
      "file": "unit-history/events/Ward Christmas Dinner - Dec 8, 2025/020.jpeg",
      "downloaded": true
    },
    {
      "index": 21,
      "url": "https://uhsacontentprod.blob.core.windows.net/unithistorythumbnails/e131ed9c-b4d4-f011-8544-0022480a7055/IMG_3967.jpeg?sv=2025-01-05&st=2026-01-21T03%3A54%3A27Z&se=2026-01-21T04%3A09%3A27Z&sr=c&sp=racwdxltfi&rsct=image%2Fjpeg&sig=4Pfk85QUZFYEBnh5Z7AhHQ%2BWxmVdfrG3Jm8k%2BJuZTk8%3D",
      "file": "unit-history/events/Ward Christmas Dinner - Dec 8, 2025/021.jpeg",
      "downloaded": true
    },
    {
      "index": 22,
      "url": "https://uhsacontentprod.blob.core.windows.net/unithistorythumbnails/e131ed9c-b4d4-f011-8544-0022480a7055/IMG_3968.jpeg?sv=2025-01-05&st=2026-01-21T03%3A54%3A27Z&se=2026-01-21T04%3A09%3A27Z&sr=c&sp=racwdxltfi&rsct=image%2Fjpeg&sig=4Pfk85QUZFYEBnh5Z7AhHQ%2BWxmVdfrG3Jm8k%2BJuZTk8%3D",
      "file": "unit-history/events/Ward Christmas Dinner - Dec 8, 2025/022.jpeg",
      "downloaded": true
    },
    {
      "index": 23,
      "url": "https://uhsacontentprod.blob.core.windows.net/unithistorythumbnails/e131ed9c-b4d4-f011-8544-0022480a7055/IMG_3969.jpeg?sv=2025-01-05&st=2026-01-21T03%3A54%3A27Z&se=2026-01-21T04%3A09%3A27Z&sr=c&sp=racwdxltfi&rsct=image%2Fjpeg&sig=4Pfk85QUZFYEBnh5Z7AhHQ%2BWxmVdfrG3Jm8k%2BJuZTk8%3D",
      "file": "unit-history/events/Ward Christmas Dinner - Dec 8, 2025/023.jpeg",
      "downloaded": true
    },
    {
      "index": 24,
      "url": "https://uhsacontentprod.blob.core.windows.net/unithistorythumbnails/e131ed9c-b4d4-f011-8544-0022480a7055/IMG_3970.jpeg?sv=2025-01-05&st=2026-01-21T03%3A54%3A27Z&se=2026-01-21T04%3A09%3A27Z&sr=c&sp=racwdxltfi&rsct=image%2Fjpeg&sig=4Pfk85QUZFYEBnh5Z7AhHQ%2BWxmVdfrG3Jm8k%2BJuZTk8%3D",
      "file": "unit-history/events/Ward Christmas Dinner - Dec 8, 2025/024.jpeg",
      "downloaded": true
    },
    {
      "index": 25,
      "url": "https://uhsacontentprod.blob.core.windows.net/unithistorythumbnails/e131ed9c-b4d4-f011-8544-0022480a7055/IMG_3971.jpeg?sv=2025-01-05&st=2026-01-21T03%3A54%3A27Z&se=2026-01-21T04%3A09%3A27Z&sr=c&sp=racwdxltfi&rsct=image%2Fjpeg&sig=4Pfk85QUZFYEBnh5Z7AhHQ%2BWxmVdfrG3Jm8k%2BJuZTk8%3D",
      "file": "unit-history/events/Ward Christmas Dinner - Dec 8, 2025/025.jpeg",
      "downloaded": true
    },
    {
      "index": 26,
      "url": "https://uhsacontentprod.blob.core.windows.net/unithistorythumbnails/e131ed9c-b4d4-f011-8544-0022480a7055/IMG_3972.jpeg?sv=2025-01-05&st=2026-01-21T03%3A54%3A27Z&se=2026-01-21T04%3A09%3A27Z&sr=c&sp=racwdxltfi&rsct=image%2Fjpeg&sig=4Pfk85QUZFYEBnh5Z7AhHQ%2BWxmVdfrG3Jm8k%2BJuZTk8%3D",
      "file": "unit-history/events/Ward Christmas Dinner - Dec 8, 2025/026.jpeg",
      "downloaded": true
    },
    {
      "index": 27,
      "url": "https://uhsacontentprod.blob.core.windows.net/unithistorythumbnails/e131ed9c-b4d4-f011-8544-0022480a7055/IMG_3973.jpeg?sv=2025-01-05&st=2026-01-21T03%3A54%3A27Z&se=2026-01-21T04%3A09%3A27Z&sr=c&sp=racwdxltfi&rsct=image%2Fjpeg&sig=4Pfk85QUZFYEBnh5Z7AhHQ%2BWxmVdfrG3Jm8k%2BJuZTk8%3D",
      "file": "unit-history/events/Ward Christmas Dinner - Dec 8, 2025/027.jpeg",
      "downloaded": true
    },
    {
      "index": 28,
      "url": "https://uhsacontentprod.blob.core.windows.net/unithistorythumbnails/e131ed9c-b4d4-f011-8544-0022480a7055/IMG_3974.jpeg?sv=2025-01-05&st=2026-01-21T03%3A54%3A27Z&se=2026-01-21T04%3A09%3A27Z&sr=c&sp=racwdxltfi&rsct=image%2Fjpeg&sig=4Pfk85QUZFYEBnh5Z7AhHQ%2BWxmVdfrG3Jm8k%2BJuZTk8%3D",
      "file": "unit-history/events/Ward Christmas Dinner - Dec 8, 2025/028.jpeg",
      "downloaded": true
    },
    {
      "index": 29,
      "url": "https://uhsacontentprod.blob.core.windows.net/unithistorythumbnails/e131ed9c-b4d4-f011-8544-0022480a7055/IMG_3975.jpeg?sv=2025-01-05&st=2026-01-21T03%3A54%3A27Z&se=2026-01-21T04%3A09%3A27Z&sr=c&sp=racwdxltfi&rsct=image%2Fjpeg&sig=4Pfk85QUZFYEBnh5Z7AhHQ%2BWxmVdfrG3Jm8k%2BJuZTk8%3D",
      "file": "unit-history/events/Ward Christmas Dinner - Dec 8, 2025/029.jpeg",
      "downloaded": true
    },
    {
      "index": 30,
      "url": "https://uhsacontentprod.blob.core.windows.net/unithistorythumbnails/e131ed9c-b4d4-f011-8544-0022480a7055/IMG_3976.jpeg?sv=2025-01-05&st=2026-01-21T03%3A54%3A27Z&se=2026-01-21T04%3A09%3A27Z&sr=c&sp=racwdxltfi&rsct=image%2Fjpeg&sig=4Pfk85QUZFYEBnh5Z7AhHQ%2BWxmVdfrG3Jm8k%2BJuZTk8%3D",
      "file": "unit-history/events/Ward Christmas Dinner - Dec 8, 2025/030.jpeg",
      "downloaded": true
    },
    {
      "index": 31,
      "url": "https://uhsacontentprod.blob.core.windows.net/unithistorythumbnails/e131ed9c-b4d4-f011-8544-0022480a7055/IMG_3977.jpeg?sv=2025-01-05&st=2026-01-21T03%3A54%3A27Z&se=2026-01-21T04%3A09%3A27Z&sr=c&sp=racwdxltfi&rsct=image%2Fjpeg&sig=4Pfk85QUZFYEBnh5Z7AhHQ%2BWxmVdfrG3Jm8k%2BJuZTk8%3D",
      "file": "unit-history/events/Ward Christmas Dinner - Dec 8, 2025/031.jpeg",
      "downloaded": true
    },
    {
      "index": 32,
      "url": "https://uhsacontentprod.blob.core.windows.net/unithistorythumbnails/e131ed9c-b4d4-f011-8544-0022480a7055/IMG_3978.jpeg?sv=2025-01-05&st=2026-01-21T03%3A54%3A27Z&se=2026-01-21T04%3A09%3A27Z&sr=c&sp=racwdxltfi&rsct=image%2Fjpeg&sig=4Pfk85QUZFYEBnh5Z7AhHQ%2BWxmVdfrG3Jm8k%2BJuZTk8%3D",
      "file": "unit-history/events/Ward Christmas Dinner - Dec 8, 2025/032.jpeg",
      "downloaded": true
    },
    {
      "index": 33,
      "url": "https://uhsacontentprod.blob.core.windows.net/unithistorythumbnails/e131ed9c-b4d4-f011-8544-0022480a7055/IMG_3979.jpeg?sv=2025-01-05&st=2026-01-21T03%3A54%3A27Z&se=2026-01-21T04%3A09%3A27Z&sr=c&sp=racwdxltfi&rsct=image%2Fjpeg&sig=4Pfk85QUZFYEBnh5Z7AhHQ%2BWxmVdfrG3Jm8k%2BJuZTk8%3D",
      "file": "unit-history/events/Ward Christmas Dinner - Dec 8, 2025/033.jpeg",
      "downloaded": true
    },
    {
      "index": 34,
      "url": "https://uhsacontentprod.blob.core.windows.net/unithistorythumbnails/e131ed9c-b4d4-f011-8544-0022480a7055/IMG_3980.jpeg?sv=2025-01-05&st=2026-01-21T03%3A54%3A27Z&se=2026-01-21T04%3A09%3A27Z&sr=c&sp=racwdxltfi&rsct=image%2Fjpeg&sig=4Pfk85QUZFYEBnh5Z7AhHQ%2BWxmVdfrG3Jm8k%2BJuZTk8%3D",
      "file": "unit-history/events/Ward Christmas Dinner - Dec 8, 2025/034.jpeg",
      "downloaded": true
    },
    {
      "index": 35,
      "url": "https://uhsacontentprod.blob.core.windows.net/unithistorythumbnails/e131ed9c-b4d4-f011-8544-0022480a7055/IMG_3981.jpeg?sv=2025-01-05&st=2026-01-21T03%3A54%3A27Z&se=2026-01-21T04%3A09%3A27Z&sr=c&sp=racwdxltfi&rsct=image%2Fjpeg&sig=4Pfk85QUZFYEBnh5Z7AhHQ%2BWxmVdfrG3Jm8k%2BJuZTk8%3D",
      "file": "unit-history/events/Ward Christmas Dinner - Dec 8, 2025/035.jpeg",
      "downloaded": true
    },
    {
      "index": 36,
      "url": "https://uhsacontentprod.blob.core.windows.net/unithistorythumbnails/e131ed9c-b4d4-f011-8544-0022480a7055/IMG_3982.jpeg?sv=2025-01-05&st=2026-01-21T03%3A54%3A27Z&se=2026-01-21T04%3A09%3A27Z&sr=c&sp=racwdxltfi&rsct=image%2Fjpeg&sig=4Pfk85QUZFYEBnh5Z7AhHQ%2BWxmVdfrG3Jm8k%2BJuZTk8%3D",
      "file": "unit-history/events/Ward Christmas Dinner - Dec 8, 2025/036.jpeg",
      "downloaded": true
    },
    {
      "index": 37,
      "url": "https://uhsacontentprod.blob.core.windows.net/unithistorythumbnails/e131ed9c-b4d4-f011-8544-0022480a7055/IMG_3983.jpeg?sv=2025-01-05&st=2026-01-21T03%3A54%3A27Z&se=2026-01-21T04%3A09%3A27Z&sr=c&sp=racwdxltfi&rsct=image%2Fjpeg&sig=4Pfk85QUZFYEBnh5Z7AhHQ%2BWxmVdfrG3Jm8k%2BJuZTk8%3D",
      "file": "unit-history/events/Ward Christmas Dinner - Dec 8, 2025/037.jpeg",
      "downloaded": true
    },
    {
      "index": 38,
      "url": "https://uhsacontentprod.blob.core.windows.net/unithistorythumbnails/e131ed9c-b4d4-f011-8544-0022480a7055/IMG_3984.jpeg?sv=2025-01-05&st=2026-01-21T03%3A54%3A27Z&se=2026-01-21T04%3A09%3A27Z&sr=c&sp=racwdxltfi&rsct=image%2Fjpeg&sig=4Pfk85QUZFYEBnh5Z7AhHQ%2BWxmVdfrG3Jm8k%2BJuZTk8%3D",
      "file": "unit-history/events/Ward Christmas Dinner - Dec 8, 2025/038.jpeg",
      "downloaded": true
    },
    {
      "index": 39,
      "url": "https://uhsacontentprod.blob.core.windows.net/unithistorythumbnails/e131ed9c-b4d4-f011-8544-0022480a7055/IMG_3985.jpeg?sv=2025-01-05&st=2026-01-21T03%3A54%3A27Z&se=2026-01-21T04%3A09%3A27Z&sr=c&sp=racwdxltfi&rsct=image%2Fjpeg&sig=4Pfk85QUZFYEBnh5Z7AhHQ%2BWxmVdfrG3Jm8k%2BJuZTk8%3D",
      "file": "unit-history/events/Ward Christmas Dinner - Dec 8, 2025/039.jpeg",
      "downloaded": true
    },
    {
      "index": 40,
      "url": "https://uhsacontentprod.blob.core.windows.net/unithistorythumbnails/e131ed9c-b4d4-f011-8544-0022480a7055/IMG_3986.jpeg?sv=2025-01-05&st=2026-01-21T03%3A54%3A27Z&se=2026-01-21T04%3A09%3A27Z&sr=c&sp=racwdxltfi&rsct=image%2Fjpeg&sig=4Pfk85QUZFYEBnh5Z7AhHQ%2BWxmVdfrG3Jm8k%2BJuZTk8%3D",
      "file": "unit-history/events/Ward Christmas Dinner - Dec 8, 2025/040.jpeg",
      "downloaded": true
    },
    {
      "index": 41,
      "url": "https://uhsacontentprod.blob.core.windows.net/unithistorythumbnails/e131ed9c-b4d4-f011-8544-0022480a7055/IMG_3987.jpeg?sv=2025-01-05&st=2026-01-21T03%3A54%3A27Z&se=2026-01-21T04%3A09%3A27Z&sr=c&sp=racwdxltfi&rsct=image%2Fjpeg&sig=4Pfk85QUZFYEBnh5Z7AhHQ%2BWxmVdfrG3Jm8k%2BJuZTk8%3D",
      "file": "unit-history/events/Ward Christmas Dinner - Dec 8, 2025/041.jpeg",
      "downloaded": true
    },
    {
      "index": 42,
      "url": "https://uhsacontentprod.blob.core.windows.net/unithistorythumbnails/e131ed9c-b4d4-f011-8544-0022480a7055/IMG_3989.jpeg?sv=2025-01-05&st=2026-01-21T03%3A54%3A27Z&se=2026-01-21T04%3A09%3A27Z&sr=c&sp=racwdxltfi&rsct=image%2Fjpeg&sig=4Pfk85QUZFYEBnh5Z7AhHQ%2BWxmVdfrG3Jm8k%2BJuZTk8%3D",
      "file": "unit-history/events/Ward Christmas Dinner - Dec 8, 2025/042.jpeg",
      "downloaded": true
    },
    {
      "index": 43,
      "url": "https://uhsacontentprod.blob.core.windows.net/unithistorythumbnails/e131ed9c-b4d4-f011-8544-0022480a7055/IMG_3990.jpeg?sv=2025-01-05&st=2026-01-21T03%3A54%3A27Z&se=2026-01-21T04%3A09%3A27Z&sr=c&sp=racwdxltfi&rsct=image%2Fjpeg&sig=4Pfk85QUZFYEBnh5Z7AhHQ%2BWxmVdfrG3Jm8k%2BJuZTk8%3D",
      "file": "unit-history/events/Ward Christmas Dinner - Dec 8, 2025/043.jpeg",
      "downloaded": true
    },
    {
      "index": 44,
      "url": "https://uhsacontentprod.blob.core.windows.net/unithistorythumbnails/e131ed9c-b4d4-f011-8544-0022480a7055/IMG_3991.jpeg?sv=2025-01-05&st=2026-01-21T03%3A54%3A27Z&se=2026-01-21T04%3A09%3A27Z&sr=c&sp=racwdxltfi&rsct=image%2Fjpeg&sig=4Pfk85QUZFYEBnh5Z7AhHQ%2BWxmVdfrG3Jm8k%2BJuZTk8%3D",
      "file": "unit-history/events/Ward Christmas Dinner - Dec 8, 2025/044.jpeg",
      "downloaded": true
    },
    {
      "index": 45,
      "url": "https://uhsacontentprod.blob.core.windows.net/unithistorythumbnails/e131ed9c-b4d4-f011-8544-0022480a7055/IMG_3996.jpeg?sv=2025-01-05&st=2026-01-21T03%3A54%3A27Z&se=2026-01-21T04%3A09%3A27Z&sr=c&sp=racwdxltfi&rsct=image%2Fjpeg&sig=4Pfk85QUZFYEBnh5Z7AhHQ%2BWxmVdfrG3Jm8k%2BJuZTk8%3D",
      "file": "unit-history/events/Ward Christmas Dinner - Dec 8, 2025/045.jpeg",
      "downloaded": true
    },
    {
      "index": 46,
      "url": "https://uhsacontentprod.blob.core.windows.net/unithistorythumbnails/e131ed9c-b4d4-f011-8544-0022480a7055/IMG_3997.jpeg?sv=2025-01-05&st=2026-01-21T03%3A54%3A27Z&se=2026-01-21T04%3A09%3A27Z&sr=c&sp=racwdxltfi&rsct=image%2Fjpeg&sig=4Pfk85QUZFYEBnh5Z7AhHQ%2BWxmVdfrG3Jm8k%2BJuZTk8%3D",
      "file": "unit-history/events/Ward Christmas Dinner - Dec 8, 2025/046.jpeg",
      "downloaded": true
    },
    {
      "index": 47,
      "url": "https://uhsacontentprod.blob.core.windows.net/unithistorythumbnails/e131ed9c-b4d4-f011-8544-0022480a7055/IMG_3998.jpeg?sv=2025-01-05&st=2026-01-21T03%3A54%3A27Z&se=2026-01-21T04%3A09%3A27Z&sr=c&sp=racwdxltfi&rsct=image%2Fjpeg&sig=4Pfk85QUZFYEBnh5Z7AhHQ%2BWxmVdfrG3Jm8k%2BJuZTk8%3D",
      "file": "unit-history/events/Ward Christmas Dinner - Dec 8, 2025/047.jpeg",
      "downloaded": true
    },
    {
      "index": 48,
      "url": "https://uhsacontentprod.blob.core.windows.net/unithistorythumbnails/e131ed9c-b4d4-f011-8544-0022480a7055/IMG_3999.jpeg?sv=2025-01-05&st=2026-01-21T03%3A54%3A27Z&se=2026-01-21T04%3A09%3A27Z&sr=c&sp=racwdxltfi&rsct=image%2Fjpeg&sig=4Pfk85QUZFYEBnh5Z7AhHQ%2BWxmVdfrG3Jm8k%2BJuZTk8%3D",
      "file": "unit-history/events/Ward Christmas Dinner - Dec 8, 2025/048.jpeg",
      "downloaded": true
    },
    {
      "index": 49,
      "url": "https://uhsacontentprod.blob.core.windows.net/unithistorythumbnails/e131ed9c-b4d4-f011-8544-0022480a7055/IMG_4001.jpeg?sv=2025-01-05&st=2026-01-21T03%3A54%3A27Z&se=2026-01-21T04%3A09%3A27Z&sr=c&sp=racwdxltfi&rsct=image%2Fjpeg&sig=4Pfk85QUZFYEBnh5Z7AhHQ%2BWxmVdfrG3Jm8k%2BJuZTk8%3D",
      "file": "unit-history/events/Ward Christmas Dinner - Dec 8, 2025/049.jpeg",
      "downloaded": true
    },
    {
      "index": 50,
      "url": "https://uhsacontentprod.blob.core.windows.net/unithistorythumbnails/e131ed9c-b4d4-f011-8544-0022480a7055/IMG_4002.jpeg?sv=2025-01-05&st=2026-01-21T03%3A54%3A27Z&se=2026-01-21T04%3A09%3A27Z&sr=c&sp=racwdxltfi&rsct=image%2Fjpeg&sig=4Pfk85QUZFYEBnh5Z7AhHQ%2BWxmVdfrG3Jm8k%2BJuZTk8%3D",
      "file": "unit-history/events/Ward Christmas Dinner - Dec 8, 2025/050.jpeg",
      "downloaded": true
    },
    {
      "index": 51,
      "url": "https://uhsacontentprod.blob.core.windows.net/unithistorythumbnails/e131ed9c-b4d4-f011-8544-0022480a7055/IMG_4003.jpeg?sv=2025-01-05&st=2026-01-21T03%3A54%3A27Z&se=2026-01-21T04%3A09%3A27Z&sr=c&sp=racwdxltfi&rsct=image%2Fjpeg&sig=4Pfk85QUZFYEBnh5Z7AhHQ%2BWxmVdfrG3Jm8k%2BJuZTk8%3D",
      "file": "unit-history/events/Ward Christmas Dinner - Dec 8, 2025/051.jpeg",
      "downloaded": true
    },
    {
      "index": 52,
      "url": "https://uhsacontentprod.blob.core.windows.net/unithistorythumbnails/e131ed9c-b4d4-f011-8544-0022480a7055/IMG_4004.jpeg?sv=2025-01-05&st=2026-01-21T03%3A54%3A27Z&se=2026-01-21T04%3A09%3A27Z&sr=c&sp=racwdxltfi&rsct=image%2Fjpeg&sig=4Pfk85QUZFYEBnh5Z7AhHQ%2BWxmVdfrG3Jm8k%2BJuZTk8%3D",
      "file": "unit-history/events/Ward Christmas Dinner - Dec 8, 2025/052.jpeg",
      "downloaded": true
    },
    {
      "index": 53,
      "url": "https://uhsacontentprod.blob.core.windows.net/unithistorythumbnails/e131ed9c-b4d4-f011-8544-0022480a7055/IMG_4005.jpeg?sv=2025-01-05&st=2026-01-21T03%3A54%3A27Z&se=2026-01-21T04%3A09%3A27Z&sr=c&sp=racwdxltfi&rsct=image%2Fjpeg&sig=4Pfk85QUZFYEBnh5Z7AhHQ%2BWxmVdfrG3Jm8k%2BJuZTk8%3D",
      "file": "unit-history/events/Ward Christmas Dinner - Dec 8, 2025/053.jpeg",
      "downloaded": true
    },
    {
      "index": 54,
      "url": "https://uhsacontentprod.blob.core.windows.net/unithistorythumbnails/e131ed9c-b4d4-f011-8544-0022480a7055/IMG_4006.jpeg?sv=2025-01-05&st=2026-01-21T03%3A54%3A27Z&se=2026-01-21T04%3A09%3A27Z&sr=c&sp=racwdxltfi&rsct=image%2Fjpeg&sig=4Pfk85QUZFYEBnh5Z7AhHQ%2BWxmVdfrG3Jm8k%2BJuZTk8%3D",
      "file": "unit-history/events/Ward Christmas Dinner - Dec 8, 2025/054.jpeg",
      "downloaded": true
    },
    {
      "index": 55,
      "url": "https://uhsacontentprod.blob.core.windows.net/unithistorythumbnails/e131ed9c-b4d4-f011-8544-0022480a7055/IMG_4007.jpeg?sv=2025-01-05&st=2026-01-21T03%3A54%3A27Z&se=2026-01-21T04%3A09%3A27Z&sr=c&sp=racwdxltfi&rsct=image%2Fjpeg&sig=4Pfk85QUZFYEBnh5Z7AhHQ%2BWxmVdfrG3Jm8k%2BJuZTk8%3D",
      "file": "unit-history/events/Ward Christmas Dinner - Dec 8, 2025/055.jpeg",
      "downloaded": true
    },
    {
      "index": 56,
      "url": "https://uhsacontentprod.blob.core.windows.net/unithistorythumbnails/e131ed9c-b4d4-f011-8544-0022480a7055/IMG_4008.jpeg?sv=2025-01-05&st=2026-01-21T03%3A54%3A27Z&se=2026-01-21T04%3A09%3A27Z&sr=c&sp=racwdxltfi&rsct=image%2Fjpeg&sig=4Pfk85QUZFYEBnh5Z7AhHQ%2BWxmVdfrG3Jm8k%2BJuZTk8%3D",
      "file": "unit-history/events/Ward Christmas Dinner - Dec 8, 2025/056.jpeg",
      "downloaded": true
    },
    {
      "index": 57,
      "url": "https://uhsacontentprod.blob.core.windows.net/unithistorythumbnails/e131ed9c-b4d4-f011-8544-0022480a7055/IMG_4009.jpeg?sv=2025-01-05&st=2026-01-21T03%3A54%3A27Z&se=2026-01-21T04%3A09%3A27Z&sr=c&sp=racwdxltfi&rsct=image%2Fjpeg&sig=4Pfk85QUZFYEBnh5Z7AhHQ%2BWxmVdfrG3Jm8k%2BJuZTk8%3D",
      "file": "unit-history/events/Ward Christmas Dinner - Dec 8, 2025/057.jpeg",
      "downloaded": true
    },
    {
      "index": 58,
      "url": "https://uhsacontentprod.blob.core.windows.net/unithistorythumbnails/e131ed9c-b4d4-f011-8544-0022480a7055/IMG_4010.jpeg?sv=2025-01-05&st=2026-01-21T03%3A54%3A27Z&se=2026-01-21T04%3A09%3A27Z&sr=c&sp=racwdxltfi&rsct=image%2Fjpeg&sig=4Pfk85QUZFYEBnh5Z7AhHQ%2BWxmVdfrG3Jm8k%2BJuZTk8%3D",
      "file": "unit-history/events/Ward Christmas Dinner - Dec 8, 2025/058.jpeg",
      "downloaded": true
    },
    {
      "index": 59,
      "url": "https://uhsacontentprod.blob.core.windows.net/unithistorythumbnails/e131ed9c-b4d4-f011-8544-0022480a7055/IMG_4011.jpeg?sv=2025-01-05&st=2026-01-21T03%3A54%3A27Z&se=2026-01-21T04%3A09%3A27Z&sr=c&sp=racwdxltfi&rsct=image%2Fjpeg&sig=4Pfk85QUZFYEBnh5Z7AhHQ%2BWxmVdfrG3Jm8k%2BJuZTk8%3D",
      "file": "unit-history/events/Ward Christmas Dinner - Dec 8, 2025/059.jpeg",
      "downloaded": true
    },
    {
      "index": 60,
      "url": "https://uhsacontentprod.blob.core.windows.net/unithistorythumbnails/e131ed9c-b4d4-f011-8544-0022480a7055/IMG_4012.jpeg?sv=2025-01-05&st=2026-01-21T03%3A54%3A27Z&se=2026-01-21T04%3A09%3A27Z&sr=c&sp=racwdxltfi&rsct=image%2Fjpeg&sig=4Pfk85QUZFYEBnh5Z7AhHQ%2BWxmVdfrG3Jm8k%2BJuZTk8%3D",
      "file": "unit-history/events/Ward Christmas Dinner - Dec 8, 2025/060.jpeg",
      "downloaded": true
    },
    {
      "index": 61,
      "url": "https://uhsacontentprod.blob.core.windows.net/unithistorythumbnails/e131ed9c-b4d4-f011-8544-0022480a7055/IMG_4013.jpeg?sv=2025-01-05&st=2026-01-21T03%3A54%3A27Z&se=2026-01-21T04%3A09%3A27Z&sr=c&sp=racwdxltfi&rsct=image%2Fjpeg&sig=4Pfk85QUZFYEBnh5Z7AhHQ%2BWxmVdfrG3Jm8k%2BJuZTk8%3D",
      "file": "unit-history/events/Ward Christmas Dinner - Dec 8, 2025/061.jpeg",
      "downloaded": true
    },
    {
      "index": 62,
      "url": "https://uhsacontentprod.blob.core.windows.net/unithistorythumbnails/e131ed9c-b4d4-f011-8544-0022480a7055/IMG_4014.jpeg?sv=2025-01-05&st=2026-01-21T03%3A54%3A27Z&se=2026-01-21T04%3A09%3A27Z&sr=c&sp=racwdxltfi&rsct=image%2Fjpeg&sig=4Pfk85QUZFYEBnh5Z7AhHQ%2BWxmVdfrG3Jm8k%2BJuZTk8%3D",
      "file": "unit-history/events/Ward Christmas Dinner - Dec 8, 2025/062.jpeg",
      "downloaded": true
    },
    {
      "index": 63,
      "url": "https://uhsacontentprod.blob.core.windows.net/unithistorythumbnails/e131ed9c-b4d4-f011-8544-0022480a7055/IMG_4015.jpeg?sv=2025-01-05&st=2026-01-21T03%3A54%3A27Z&se=2026-01-21T04%3A09%3A27Z&sr=c&sp=racwdxltfi&rsct=image%2Fjpeg&sig=4Pfk85QUZFYEBnh5Z7AhHQ%2BWxmVdfrG3Jm8k%2BJuZTk8%3D",
      "file": "unit-history/events/Ward Christmas Dinner - Dec 8, 2025/063.jpeg",
      "downloaded": true
    },
    {
      "index": 64,
      "url": "https://uhsacontentprod.blob.core.windows.net/unithistorythumbnails/e131ed9c-b4d4-f011-8544-0022480a7055/IMG_4016.jpeg?sv=2025-01-05&st=2026-01-21T03%3A54%3A27Z&se=2026-01-21T04%3A09%3A27Z&sr=c&sp=racwdxltfi&rsct=image%2Fjpeg&sig=4Pfk85QUZFYEBnh5Z7AhHQ%2BWxmVdfrG3Jm8k%2BJuZTk8%3D",
      "file": "unit-history/events/Ward Christmas Dinner - Dec 8, 2025/064.jpeg",
      "downloaded": true
    },
    {
      "index": 65,
      "url": "https://uhsacontentprod.blob.core.windows.net/unithistorythumbnails/e131ed9c-b4d4-f011-8544-0022480a7055/IMG_4017.jpeg?sv=2025-01-05&st=2026-01-21T03%3A54%3A27Z&se=2026-01-21T04%3A09%3A27Z&sr=c&sp=racwdxltfi&rsct=image%2Fjpeg&sig=4Pfk85QUZFYEBnh5Z7AhHQ%2BWxmVdfrG3Jm8k%2BJuZTk8%3D",
      "file": "unit-history/events/Ward Christmas Dinner - Dec 8, 2025/065.jpeg",
      "downloaded": true
    },
    {
      "index": 66,
      "url": "https://uhsacontentprod.blob.core.windows.net/unithistorythumbnails/e131ed9c-b4d4-f011-8544-0022480a7055/IMG_4018.jpeg?sv=2025-01-05&st=2026-01-21T03%3A54%3A27Z&se=2026-01-21T04%3A09%3A27Z&sr=c&sp=racwdxltfi&rsct=image%2Fjpeg&sig=4Pfk85QUZFYEBnh5Z7AhHQ%2BWxmVdfrG3Jm8k%2BJuZTk8%3D",
      "file": "unit-history/events/Ward Christmas Dinner - Dec 8, 2025/066.jpeg",
      "downloaded": true
    },
    {
      "index": 67,
      "url": "https://uhsacontentprod.blob.core.windows.net/unithistorythumbnails/e131ed9c-b4d4-f011-8544-0022480a7055/IMG_4019.jpeg?sv=2025-01-05&st=2026-01-21T03%3A54%3A27Z&se=2026-01-21T04%3A09%3A27Z&sr=c&sp=racwdxltfi&rsct=image%2Fjpeg&sig=4Pfk85QUZFYEBnh5Z7AhHQ%2BWxmVdfrG3Jm8k%2BJuZTk8%3D",
      "file": "unit-history/events/Ward Christmas Dinner - Dec 8, 2025/067.jpeg",
      "downloaded": true
    },
    {
      "index": 68,
      "url": "https://uhsacontentprod.blob.core.windows.net/unithistorythumbnails/e131ed9c-b4d4-f011-8544-0022480a7055/IMG_4020.jpeg?sv=2025-01-05&st=2026-01-21T03%3A54%3A27Z&se=2026-01-21T04%3A09%3A27Z&sr=c&sp=racwdxltfi&rsct=image%2Fjpeg&sig=4Pfk85QUZFYEBnh5Z7AhHQ%2BWxmVdfrG3Jm8k%2BJuZTk8%3D",
      "file": "unit-history/events/Ward Christmas Dinner - Dec 8, 2025/068.jpeg",
      "downloaded": true
    },
    {
      "index": 69,
      "url": "https://uhsacontentprod.blob.core.windows.net/unithistorythumbnails/e131ed9c-b4d4-f011-8544-0022480a7055/IMG_4021.jpeg?sv=2025-01-05&st=2026-01-21T03%3A54%3A27Z&se=2026-01-21T04%3A09%3A27Z&sr=c&sp=racwdxltfi&rsct=image%2Fjpeg&sig=4Pfk85QUZFYEBnh5Z7AhHQ%2BWxmVdfrG3Jm8k%2BJuZTk8%3D",
      "file": "unit-history/events/Ward Christmas Dinner - Dec 8, 2025/069.jpeg",
      "downloaded": true
    },
    {
      "index": 70,
      "url": "https://uhsacontentprod.blob.core.windows.net/unithistorythumbnails/e131ed9c-b4d4-f011-8544-0022480a7055/IMG_4022.jpeg?sv=2025-01-05&st=2026-01-21T03%3A54%3A27Z&se=2026-01-21T04%3A09%3A27Z&sr=c&sp=racwdxltfi&rsct=image%2Fjpeg&sig=4Pfk85QUZFYEBnh5Z7AhHQ%2BWxmVdfrG3Jm8k%2BJuZTk8%3D",
      "file": "unit-history/events/Ward Christmas Dinner - Dec 8, 2025/070.jpeg",
      "downloaded": true
    },
    {
      "index": 71,
      "url": "https://uhsacontentprod.blob.core.windows.net/unithistorythumbnails/e131ed9c-b4d4-f011-8544-0022480a7055/IMG_4023.jpeg?sv=2025-01-05&st=2026-01-21T03%3A54%3A27Z&se=2026-01-21T04%3A09%3A27Z&sr=c&sp=racwdxltfi&rsct=image%2Fjpeg&sig=4Pfk85QUZFYEBnh5Z7AhHQ%2BWxmVdfrG3Jm8k%2BJuZTk8%3D",
      "file": "unit-history/events/Ward Christmas Dinner - Dec 8, 2025/071.jpeg",
      "downloaded": true
    }
  ]
}